datetime,002230,cash,commission,total,returns,equity_curve,drawdown
2008-05-12,0.0,100000.0,0.0,100000.0,,,
2008-05-13,0.0,100000.0,0.0,100000.0,0.0,1.0,0.0
2008-05-14,0.0,100000.0,0.0,100000.0,0.0,1.0,0.0
2008-05-15,0.0,100000.0,0.0,100000.0,0.0,1.0,0.0
2008-05-16,0.0,100000.0,0.0,100000.0,0.0,1.0,0.0
2008-05-19,0.0,100000.0,0.0,100000.0,0.0,1.0,0.0
2008-05-20,0.0,100000.0,0.0,100000.0,0.0,1.0,0.0
2008-05-21,0.0,100000.0,0.0,100000.0,0.0,1.0,0.0
2008-05-22,0.0,100000.0,0.0,100000.0,0.0,1.0,0.0
2008-05-23,0.0,100000.0,0.0,100000.0,0.0,1.0,0.0
2008-05-26,0.0,100000.0,0.0,100000.0,0.0,1.0,0.0
2008-05-27,0.0,100000.0,0.0,100000.0,0.0,1.0,0.0
2008-05-28,0.0,100000.0,0.0,100000.0,0.0,1.0,0.0
2008-05-29,0.0,100000.0,0.0,100000.0,0.0,1.0,0.0
2008-05-30,0.0,100000.0,0.0,100000.0,0.0,1.0,0.0
2008-06-02,0.0,100000.0,0.0,100000.0,0.0,1.0,0.0
2008-06-03,0.0,100000.0,0.0,100000.0,0.0,1.0,0.0
2008-06-04,0.0,100000.0,0.0,100000.0,0.0,1.0,0.0
2008-06-05,0.0,100000.0,0.0,100000.0,0.0,1.0,0.0
2008-06-06,0.0,100000.0,0.0,100000.0,0.0,1.0,0.0
2008-06-10,0.0,100000.0,0.0,100000.0,0.0,1.0,0.0
2008-06-11,0.0,100000.0,0.0,100000.0,0.0,1.0,0.0
2008-06-12,0.0,100000.0,0.0,100000.0,0.0,1.0,0.0
2008-06-13,0.0,100000.0,0.0,100000.0,0.0,1.0,0.0
2008-06-16,0.0,100000.0,0.0,100000.0,0.0,1.0,0.0
2008-06-17,0.0,100000.0,0.0,100000.0,0.0,1.0,0.0
2008-06-18,0.0,100000.0,0.0,100000.0,0.0,1.0,0.0
2008-06-19,0.0,100000.0,0.0,100000.0,0.0,1.0,0.0
2008-06-20,0.0,100000.0,0.0,100000.0,0.0,1.0,0.0
2008-06-23,0.0,100000.0,0.0,100000.0,0.0,1.0,0.0
2008-06-24,0.0,100000.0,0.0,100000.0,0.0,1.0,0.0
2008-06-25,0.0,100000.0,0.0,100000.0,0.0,1.0,0.0
2008-06-26,0.0,100000.0,0.0,100000.0,0.0,1.0,0.0
2008-06-27,0.0,100000.0,0.0,100000.0,0.0,1.0,0.0
2008-06-30,0.0,100000.0,0.0,100000.0,0.0,1.0,0.0
2008-07-01,0.0,100000.0,0.0,100000.0,0.0,1.0,0.0
2008-07-02,0.0,100000.0,0.0,100000.0,0.0,1.0,0.0
2008-07-03,0.0,100000.0,0.0,100000.0,0.0,1.0,0.0
2008-07-04,0.0,100000.0,0.0,100000.0,0.0,1.0,0.0
2008-07-07,0.0,100000.0,0.0,100000.0,0.0,1.0,0.0
2008-07-08,0.0,100000.0,0.0,100000.0,0.0,1.0,0.0
2008-07-09,0.0,100000.0,0.0,100000.0,0.0,1.0,0.0
2008-07-10,0.0,100000.0,0.0,100000.0,0.0,1.0,0.0
2008-07-11,0.0,100000.0,0.0,100000.0,0.0,1.0,0.0
2008-07-14,0.0,100000.0,0.0,100000.0,0.0,1.0,0.0
2008-07-15,0.0,100000.0,0.0,100000.0,0.0,1.0,0.0
2008-07-16,0.0,100000.0,0.0,100000.0,0.0,1.0,0.0
2008-07-17,0.0,100000.0,0.0,100000.0,0.0,1.0,0.0
2008-07-18,0.0,100000.0,0.0,100000.0,0.0,1.0,0.0
2008-07-21,0.0,100000.0,0.0,100000.0,0.0,1.0,0.0
2008-07-22,0.0,100000.0,0.0,100000.0,0.0,1.0,0.0
2008-07-23,0.0,100000.0,0.0,100000.0,0.0,1.0,0.0
2008-07-24,0.0,100000.0,0.0,100000.0,0.0,1.0,0.0
2008-07-25,0.0,100000.0,0.0,100000.0,0.0,1.0,0.0
2008-07-28,0.0,100000.0,0.0,100000.0,0.0,1.0,0.0
2008-07-29,0.0,100000.0,0.0,100000.0,0.0,1.0,0.0
2008-07-30,0.0,100000.0,0.0,100000.0,0.0,1.0,0.0
2008-07-31,0.0,100000.0,0.0,100000.0,0.0,1.0,0.0
2008-08-01,0.0,100000.0,0.0,100000.0,0.0,1.0,0.0
2008-08-04,0.0,100000.0,0.0,100000.0,0.0,1.0,0.0
2008-08-05,0.0,100000.0,0.0,100000.0,0.0,1.0,0.0
2008-08-06,0.0,100000.0,0.0,100000.0,0.0,1.0,0.0
2008-08-07,0.0,100000.0,0.0,100000.0,0.0,1.0,0.0
2008-08-08,0.0,100000.0,0.0,100000.0,0.0,1.0,0.0
2008-08-11,0.0,100000.0,0.0,100000.0,0.0,1.0,0.0
2008-08-12,0.0,100000.0,0.0,100000.0,0.0,1.0,0.0
2008-08-13,0.0,100000.0,0.0,100000.0,0.0,1.0,0.0
2008-08-14,0.0,100000.0,0.0,100000.0,0.0,1.0,0.0
2008-08-15,0.0,100000.0,0.0,100000.0,0.0,1.0,0.0
2008-08-19,0.0,100000.0,0.0,100000.0,0.0,1.0,0.0
2008-08-20,0.0,100000.0,0.0,100000.0,0.0,1.0,0.0
2008-08-21,0.0,100000.0,0.0,100000.0,0.0,1.0,0.0
2008-08-22,0.0,100000.0,0.0,100000.0,0.0,1.0,0.0
2008-08-25,0.0,100000.0,0.0,100000.0,0.0,1.0,0.0
2008-08-26,0.0,100000.0,0.0,100000.0,0.0,1.0,0.0
2008-08-27,0.0,100000.0,0.0,100000.0,0.0,1.0,0.0
2008-08-28,0.0,100000.0,0.0,100000.0,0.0,1.0,0.0
2008-08-29,0.0,100000.0,0.0,100000.0,0.0,1.0,0.0
2008-09-01,0.0,100000.0,0.0,100000.0,0.0,1.0,0.0
2008-09-02,0.0,100000.0,0.0,100000.0,0.0,1.0,0.0
2008-09-03,0.0,100000.0,0.0,100000.0,0.0,1.0,0.0
2008-09-04,0.0,100000.0,0.0,100000.0,0.0,1.0,0.0
2008-09-05,0.0,100000.0,0.0,100000.0,0.0,1.0,0.0
2008-09-08,0.0,100000.0,0.0,100000.0,0.0,1.0,0.0
2008-09-09,0.0,100000.0,0.0,100000.0,0.0,1.0,0.0
2008-09-10,0.0,100000.0,0.0,100000.0,0.0,1.0,0.0
2008-09-11,0.0,100000.0,0.0,100000.0,0.0,1.0,0.0
2008-09-12,0.0,100000.0,0.0,100000.0,0.0,1.0,0.0
2008-09-16,0.0,100000.0,0.0,100000.0,0.0,1.0,0.0
2008-09-17,0.0,100000.0,0.0,100000.0,0.0,1.0,0.0
2008-09-18,0.0,100000.0,0.0,100000.0,0.0,1.0,0.0
2008-09-19,0.0,100000.0,0.0,100000.0,0.0,1.0,0.0
2008-09-22,0.0,100000.0,0.0,100000.0,0.0,1.0,0.0
2008-09-23,0.0,100000.0,0.0,100000.0,0.0,1.0,0.0
2008-09-24,0.0,100000.0,0.0,100000.0,0.0,1.0,0.0
2008-09-25,0.0,100000.0,0.0,100000.0,0.0,1.0,0.0
2008-09-26,0.0,100000.0,0.0,100000.0,0.0,1.0,0.0
2008-10-06,0.0,100000.0,0.0,100000.0,0.0,1.0,0.0
2008-10-07,0.0,100000.0,0.0,100000.0,0.0,1.0,0.0
2008-10-08,0.0,100000.0,0.0,100000.0,0.0,1.0,0.0
2008-10-09,0.0,100000.0,0.0,100000.0,0.0,1.0,0.0
2008-10-10,0.0,100000.0,0.0,100000.0,0.0,1.0,0.0
2008-10-13,0.0,100000.0,0.0,100000.0,0.0,1.0,0.0
2008-10-14,0.0,100000.0,0.0,100000.0,0.0,1.0,0.0
2008-10-15,0.0,100000.0,0.0,100000.0,0.0,1.0,0.0
2008-10-16,0.0,100000.0,0.0,100000.0,0.0,1.0,0.0
2008-10-17,0.0,100000.0,0.0,100000.0,0.0,1.0,0.0
2008-10-20,0.0,100000.0,0.0,100000.0,0.0,1.0,0.0
2008-10-21,0.0,100000.0,0.0,100000.0,0.0,1.0,0.0
2008-10-22,0.0,100000.0,0.0,100000.0,0.0,1.0,0.0
2008-10-23,0.0,100000.0,0.0,100000.0,0.0,1.0,0.0
2008-10-24,0.0,100000.0,0.0,100000.0,0.0,1.0,0.0
2008-10-27,0.0,100000.0,0.0,100000.0,0.0,1.0,0.0
2008-10-28,0.0,100000.0,0.0,100000.0,0.0,1.0,0.0
2008-10-29,0.0,100000.0,0.0,100000.0,0.0,1.0,0.0
2008-10-30,0.0,100000.0,0.0,100000.0,0.0,1.0,0.0
2008-10-31,0.0,100000.0,0.0,100000.0,0.0,1.0,0.0
2008-11-03,0.0,100000.0,0.0,100000.0,0.0,1.0,0.0
2008-11-04,0.0,100000.0,0.0,100000.0,0.0,1.0,0.0
2008-11-05,0.0,100000.0,0.0,100000.0,0.0,1.0,0.0
2008-11-06,0.0,100000.0,0.0,100000.0,0.0,1.0,0.0
2008-11-07,0.0,100000.0,0.0,100000.0,0.0,1.0,0.0
2008-11-10,0.0,100000.0,0.0,100000.0,0.0,1.0,0.0
2008-11-11,0.0,100000.0,0.0,100000.0,0.0,1.0,0.0
2008-11-12,0.0,100000.0,0.0,100000.0,0.0,1.0,0.0
2008-11-13,0.0,100000.0,0.0,100000.0,0.0,1.0,0.0
2008-11-14,0.0,100000.0,0.0,100000.0,0.0,1.0,0.0
2008-11-17,0.0,100000.0,0.0,100000.0,0.0,1.0,0.0
2008-11-18,0.0,100000.0,0.0,100000.0,0.0,1.0,0.0
2008-11-19,0.0,100000.0,0.0,100000.0,0.0,1.0,0.0
2008-11-20,0.0,100000.0,0.0,100000.0,0.0,1.0,0.0
2008-11-21,0.0,100000.0,0.0,100000.0,0.0,1.0,0.0
2008-11-24,0.0,100000.0,0.0,100000.0,0.0,1.0,0.0
2008-11-25,0.0,100000.0,0.0,100000.0,0.0,1.0,0.0
2008-11-26,0.0,100000.0,0.0,100000.0,0.0,1.0,0.0
2008-11-27,0.0,100000.0,0.0,100000.0,0.0,1.0,0.0
2008-11-28,0.0,100000.0,0.0,100000.0,0.0,1.0,0.0
2008-12-01,0.0,100000.0,0.0,100000.0,0.0,1.0,0.0
2008-12-02,0.0,100000.0,0.0,100000.0,0.0,1.0,0.0
2008-12-03,0.0,100000.0,0.0,100000.0,0.0,1.0,0.0
2008-12-04,0.0,100000.0,0.0,100000.0,0.0,1.0,0.0
2008-12-05,0.0,100000.0,0.0,100000.0,0.0,1.0,0.0
2008-12-08,0.0,100000.0,0.0,100000.0,0.0,1.0,0.0
2008-12-09,0.0,100000.0,0.0,100000.0,0.0,1.0,0.0
2008-12-10,0.0,100000.0,0.0,100000.0,0.0,1.0,0.0
2008-12-11,0.0,100000.0,0.0,100000.0,0.0,1.0,0.0
2008-12-12,0.0,100000.0,0.0,100000.0,0.0,1.0,0.0
2008-12-15,0.0,100000.0,0.0,100000.0,0.0,1.0,0.0
2008-12-16,0.0,100000.0,0.0,100000.0,0.0,1.0,0.0
2008-12-17,0.0,100000.0,0.0,100000.0,0.0,1.0,0.0
2008-12-18,0.0,100000.0,0.0,100000.0,0.0,1.0,0.0
2008-12-19,0.0,100000.0,0.0,100000.0,0.0,1.0,0.0
2008-12-22,0.0,100000.0,0.0,100000.0,0.0,1.0,0.0
2008-12-23,0.0,100000.0,0.0,100000.0,0.0,1.0,0.0
2008-12-24,0.0,100000.0,0.0,100000.0,0.0,1.0,0.0
2008-12-25,0.0,100000.0,0.0,100000.0,0.0,1.0,0.0
2008-12-26,0.0,100000.0,0.0,100000.0,0.0,1.0,0.0
2008-12-29,0.0,100000.0,0.0,100000.0,0.0,1.0,0.0
2008-12-30,0.0,100000.0,0.0,100000.0,0.0,1.0,0.0
2008-12-31,0.0,100000.0,0.0,100000.0,0.0,1.0,0.0
2009-01-05,0.0,100000.0,0.0,100000.0,0.0,1.0,0.0
2009-01-06,0.0,100000.0,0.0,100000.0,0.0,1.0,0.0
2009-01-07,0.0,100000.0,0.0,100000.0,0.0,1.0,0.0
2009-01-08,0.0,100000.0,0.0,100000.0,0.0,1.0,0.0
2009-01-09,0.0,100000.0,0.0,100000.0,0.0,1.0,0.0
2009-01-12,0.0,100000.0,0.0,100000.0,0.0,1.0,0.0
2009-01-13,0.0,100000.0,0.0,100000.0,0.0,1.0,0.0
2009-01-14,0.0,100000.0,0.0,100000.0,0.0,1.0,0.0
2009-01-15,0.0,100000.0,0.0,100000.0,0.0,1.0,0.0
2009-01-16,0.0,100000.0,0.0,100000.0,0.0,1.0,0.0
2009-01-19,0.0,100000.0,0.0,100000.0,0.0,1.0,0.0
2009-01-20,0.0,100000.0,0.0,100000.0,0.0,1.0,0.0
2009-01-21,0.0,100000.0,0.0,100000.0,0.0,1.0,0.0
2009-01-22,0.0,100000.0,0.0,100000.0,0.0,1.0,0.0
2009-01-23,0.0,100000.0,0.0,100000.0,0.0,1.0,0.0
2009-02-02,0.0,100000.0,0.0,100000.0,0.0,1.0,0.0
2009-02-03,0.0,100000.0,0.0,100000.0,0.0,1.0,0.0
2009-02-04,0.0,100000.0,0.0,100000.0,0.0,1.0,0.0
2009-02-05,0.0,100000.0,0.0,100000.0,0.0,1.0,0.0
2009-02-06,0.0,100000.0,0.0,100000.0,0.0,1.0,0.0
2009-02-09,0.0,100000.0,0.0,100000.0,0.0,1.0,0.0
2009-02-10,0.0,100000.0,0.0,100000.0,0.0,1.0,0.0
2009-02-11,0.0,100000.0,0.0,100000.0,0.0,1.0,0.0
2009-02-12,0.0,100000.0,0.0,100000.0,0.0,1.0,0.0
2009-02-13,0.0,100000.0,0.0,100000.0,0.0,1.0,0.0
2009-02-16,0.0,100000.0,0.0,100000.0,0.0,1.0,0.0
2009-02-17,0.0,100000.0,0.0,100000.0,0.0,1.0,0.0
2009-02-18,0.0,100000.0,0.0,100000.0,0.0,1.0,0.0
2009-02-19,0.0,100000.0,0.0,100000.0,0.0,1.0,0.0
2009-02-20,0.0,100000.0,0.0,100000.0,0.0,1.0,0.0
2009-02-23,0.0,100000.0,0.0,100000.0,0.0,1.0,0.0
2009-02-24,0.0,100000.0,0.0,100000.0,0.0,1.0,0.0
2009-02-25,0.0,100000.0,0.0,100000.0,0.0,1.0,0.0
2009-02-26,0.0,100000.0,0.0,100000.0,0.0,1.0,0.0
2009-02-27,0.0,100000.0,0.0,100000.0,0.0,1.0,0.0
2009-03-02,0.0,100000.0,0.0,100000.0,0.0,1.0,0.0
2009-03-03,0.0,100000.0,0.0,100000.0,0.0,1.0,0.0
2009-03-04,0.0,100000.0,0.0,100000.0,0.0,1.0,0.0
2009-03-05,0.0,100000.0,0.0,100000.0,0.0,1.0,0.0
2009-03-06,0.0,100000.0,0.0,100000.0,0.0,1.0,0.0
2009-03-09,0.0,100000.0,0.0,100000.0,0.0,1.0,0.0
2009-03-10,0.0,100000.0,0.0,100000.0,0.0,1.0,0.0
2009-03-11,0.0,100000.0,0.0,100000.0,0.0,1.0,0.0
2009-03-12,0.0,100000.0,0.0,100000.0,0.0,1.0,0.0
2009-03-13,0.0,100000.0,0.0,100000.0,0.0,1.0,0.0
2009-03-16,0.0,100000.0,0.0,100000.0,0.0,1.0,0.0
2009-03-17,0.0,100000.0,0.0,100000.0,0.0,1.0,0.0
2009-03-18,0.0,100000.0,0.0,100000.0,0.0,1.0,0.0
2009-03-19,0.0,100000.0,0.0,100000.0,0.0,1.0,0.0
2009-03-20,0.0,100000.0,0.0,100000.0,0.0,1.0,0.0
2009-03-23,0.0,100000.0,0.0,100000.0,0.0,1.0,0.0
2009-03-24,0.0,100000.0,0.0,100000.0,0.0,1.0,0.0
2009-03-25,0.0,100000.0,0.0,100000.0,0.0,1.0,0.0
2009-03-26,0.0,100000.0,0.0,100000.0,0.0,1.0,0.0
2009-03-27,0.0,100000.0,0.0,100000.0,0.0,1.0,0.0
2009-03-30,0.0,100000.0,0.0,100000.0,0.0,1.0,0.0
2009-03-31,0.0,100000.0,0.0,100000.0,0.0,1.0,0.0
2009-04-01,0.0,100000.0,0.0,100000.0,0.0,1.0,0.0
2009-04-02,0.0,100000.0,0.0,100000.0,0.0,1.0,0.0
2009-04-03,0.0,100000.0,0.0,100000.0,0.0,1.0,0.0
2009-04-07,0.0,100000.0,0.0,100000.0,0.0,1.0,0.0
2009-04-08,0.0,100000.0,0.0,100000.0,0.0,1.0,0.0
2009-04-09,0.0,100000.0,0.0,100000.0,0.0,1.0,0.0
2009-04-10,0.0,100000.0,0.0,100000.0,0.0,1.0,0.0
2009-04-13,0.0,100000.0,0.0,100000.0,0.0,1.0,0.0
2009-04-14,0.0,100000.0,0.0,100000.0,0.0,1.0,0.0
2009-04-15,0.0,100000.0,0.0,100000.0,0.0,1.0,0.0
2009-04-16,0.0,100000.0,0.0,100000.0,0.0,1.0,0.0
2009-04-17,0.0,100000.0,0.0,100000.0,0.0,1.0,0.0
2009-04-20,0.0,100000.0,0.0,100000.0,0.0,1.0,0.0
2009-04-21,0.0,100000.0,0.0,100000.0,0.0,1.0,0.0
2009-04-22,0.0,100000.0,0.0,100000.0,0.0,1.0,0.0
2009-04-23,0.0,100000.0,0.0,100000.0,0.0,1.0,0.0
2009-04-24,0.0,100000.0,0.0,100000.0,0.0,1.0,0.0
2009-04-27,0.0,100000.0,0.0,100000.0,0.0,1.0,0.0
2009-04-28,0.0,100000.0,0.0,100000.0,0.0,1.0,0.0
2009-04-29,0.0,100000.0,0.0,100000.0,0.0,1.0,0.0
2009-04-30,0.0,100000.0,0.0,100000.0,0.0,1.0,0.0
2009-05-04,0.0,100000.0,0.0,100000.0,0.0,1.0,0.0
2009-05-06,0.0,100000.0,0.0,100000.0,0.0,1.0,0.0
2009-05-07,0.0,100000.0,0.0,100000.0,0.0,1.0,0.0
2009-05-08,0.0,100000.0,0.0,100000.0,0.0,1.0,0.0
2009-05-11,0.0,100000.0,0.0,100000.0,0.0,1.0,0.0
2009-05-12,0.0,100000.0,0.0,100000.0,0.0,1.0,0.0
2009-05-13,0.0,100000.0,0.0,100000.0,0.0,1.0,0.0
2009-05-14,0.0,100000.0,0.0,100000.0,0.0,1.0,0.0
2009-05-15,0.0,100000.0,0.0,100000.0,0.0,1.0,0.0
2009-05-18,0.0,100000.0,0.0,100000.0,0.0,1.0,0.0
2009-05-19,0.0,100000.0,0.0,100000.0,0.0,1.0,0.0
2009-05-20,0.0,100000.0,0.0,100000.0,0.0,1.0,0.0
2009-05-21,0.0,100000.0,0.0,100000.0,0.0,1.0,0.0
2009-05-22,0.0,100000.0,0.0,100000.0,0.0,1.0,0.0
2009-05-25,0.0,100000.0,0.0,100000.0,0.0,1.0,0.0
2009-05-26,0.0,100000.0,0.0,100000.0,0.0,1.0,0.0
2009-05-27,0.0,100000.0,0.0,100000.0,0.0,1.0,0.0
2009-06-01,0.0,100000.0,0.0,100000.0,0.0,1.0,0.0
2009-06-02,0.0,100000.0,0.0,100000.0,0.0,1.0,0.0
2009-06-03,0.0,100000.0,0.0,100000.0,0.0,1.0,0.0
2009-06-04,0.0,100000.0,0.0,100000.0,0.0,1.0,0.0
2009-06-05,0.0,100000.0,0.0,100000.0,0.0,1.0,0.0
2009-06-08,0.0,100000.0,0.0,100000.0,0.0,1.0,0.0
2009-06-09,0.0,100000.0,0.0,100000.0,0.0,1.0,0.0
2009-06-10,0.0,100000.0,0.0,100000.0,0.0,1.0,0.0
2009-06-11,0.0,100000.0,0.0,100000.0,0.0,1.0,0.0
2009-06-12,0.0,100000.0,0.0,100000.0,0.0,1.0,0.0
2009-06-15,0.0,100000.0,0.0,100000.0,0.0,1.0,0.0
2009-06-16,0.0,100000.0,0.0,100000.0,0.0,1.0,0.0
2009-06-17,0.0,100000.0,0.0,100000.0,0.0,1.0,0.0
2009-06-18,0.0,100000.0,0.0,100000.0,0.0,1.0,0.0
2009-06-19,0.0,100000.0,0.0,100000.0,0.0,1.0,0.0
2009-06-22,0.0,100000.0,0.0,100000.0,0.0,1.0,0.0
2009-06-23,0.0,100000.0,0.0,100000.0,0.0,1.0,0.0
2009-06-24,0.0,100000.0,0.0,100000.0,0.0,1.0,0.0
2009-06-25,0.0,100000.0,0.0,100000.0,0.0,1.0,0.0
2009-06-26,0.0,100000.0,0.0,100000.0,0.0,1.0,0.0
2009-06-29,0.0,100000.0,0.0,100000.0,0.0,1.0,0.0
2009-06-30,0.0,100000.0,0.0,100000.0,0.0,1.0,0.0
2009-07-01,0.0,100000.0,0.0,100000.0,0.0,1.0,0.0
2009-07-02,0.0,100000.0,0.0,100000.0,0.0,1.0,0.0
2009-07-03,0.0,100000.0,0.0,100000.0,0.0,1.0,0.0
2009-07-06,0.0,100000.0,0.0,100000.0,0.0,1.0,0.0
2009-07-07,0.0,100000.0,0.0,100000.0,0.0,1.0,0.0
2009-07-08,0.0,100000.0,0.0,100000.0,0.0,1.0,0.0
2009-07-09,0.0,100000.0,0.0,100000.0,0.0,1.0,0.0
2009-07-10,0.0,100000.0,0.0,100000.0,0.0,1.0,0.0
2009-07-13,0.0,100000.0,0.0,100000.0,0.0,1.0,0.0
2009-07-14,0.0,100000.0,0.0,100000.0,0.0,1.0,0.0
2009-07-15,0.0,100000.0,0.0,100000.0,0.0,1.0,0.0
2009-07-16,0.0,100000.0,0.0,100000.0,0.0,1.0,0.0
2009-07-17,0.0,100000.0,0.0,100000.0,0.0,1.0,0.0
2009-07-23,0.0,100000.0,0.0,100000.0,0.0,1.0,0.0
2009-07-24,0.0,100000.0,0.0,100000.0,0.0,1.0,0.0
2009-07-27,0.0,100000.0,0.0,100000.0,0.0,1.0,0.0
2009-07-28,0.0,100000.0,0.0,100000.0,0.0,1.0,0.0
2009-07-29,0.0,100000.0,0.0,100000.0,0.0,1.0,0.0
2009-07-30,0.0,100000.0,0.0,100000.0,0.0,1.0,0.0
2009-07-31,0.0,100000.0,0.0,100000.0,0.0,1.0,0.0
2009-08-03,0.0,100000.0,0.0,100000.0,0.0,1.0,0.0
2009-08-04,0.0,100000.0,0.0,100000.0,0.0,1.0,0.0
2009-08-05,0.0,100000.0,0.0,100000.0,0.0,1.0,0.0
2009-08-06,0.0,100000.0,0.0,100000.0,0.0,1.0,0.0
2009-08-07,0.0,100000.0,0.0,100000.0,0.0,1.0,0.0
2009-08-10,0.0,100000.0,0.0,100000.0,0.0,1.0,0.0
2009-08-11,0.0,100000.0,0.0,100000.0,0.0,1.0,0.0
2009-08-12,0.0,100000.0,0.0,100000.0,0.0,1.0,0.0
2009-08-13,0.0,100000.0,0.0,100000.0,0.0,1.0,0.0
2009-08-14,0.0,100000.0,0.0,100000.0,0.0,1.0,0.0
2009-08-17,0.0,100000.0,0.0,100000.0,0.0,1.0,0.0
2009-08-18,0.0,100000.0,0.0,100000.0,0.0,1.0,0.0
2009-08-19,0.0,100000.0,0.0,100000.0,0.0,1.0,0.0
2009-08-20,0.0,100000.0,0.0,100000.0,0.0,1.0,0.0
2009-08-21,0.0,100000.0,0.0,100000.0,0.0,1.0,0.0
2009-08-24,0.0,100000.0,0.0,100000.0,0.0,1.0,0.0
2009-08-25,0.0,100000.0,0.0,100000.0,0.0,1.0,0.0
2009-08-26,0.0,100000.0,0.0,100000.0,0.0,1.0,0.0
2009-08-27,0.0,100000.0,0.0,100000.0,0.0,1.0,0.0
2009-08-28,0.0,100000.0,0.0,100000.0,0.0,1.0,0.0
2009-08-31,0.0,100000.0,0.0,100000.0,0.0,1.0,0.0
2009-09-01,0.0,100000.0,0.0,100000.0,0.0,1.0,0.0
2009-09-02,0.0,100000.0,0.0,100000.0,0.0,1.0,0.0
2009-09-03,0.0,100000.0,0.0,100000.0,0.0,1.0,0.0
2009-09-04,0.0,100000.0,0.0,100000.0,0.0,1.0,0.0
2009-09-07,0.0,100000.0,0.0,100000.0,0.0,1.0,0.0
2009-09-08,0.0,100000.0,0.0,100000.0,0.0,1.0,0.0
2009-09-09,0.0,100000.0,0.0,100000.0,0.0,1.0,0.0
2009-09-10,0.0,100000.0,0.0,100000.0,0.0,1.0,0.0
2009-09-11,0.0,100000.0,0.0,100000.0,0.0,1.0,0.0
2009-09-14,0.0,100000.0,0.0,100000.0,0.0,1.0,0.0
2009-09-15,0.0,100000.0,0.0,100000.0,0.0,1.0,0.0
2009-09-16,0.0,100000.0,0.0,100000.0,0.0,1.0,0.0
2009-09-17,0.0,100000.0,0.0,100000.0,0.0,1.0,0.0
2009-09-18,0.0,100000.0,0.0,100000.0,0.0,1.0,0.0
2009-09-21,0.0,100000.0,0.0,100000.0,0.0,1.0,0.0
2009-09-22,0.0,100000.0,0.0,100000.0,0.0,1.0,0.0
2009-09-23,0.0,100000.0,0.0,100000.0,0.0,1.0,0.0
2009-09-24,0.0,100000.0,0.0,100000.0,0.0,1.0,0.0
2009-09-25,0.0,100000.0,0.0,100000.0,0.0,1.0,0.0
2009-09-28,0.0,100000.0,0.0,100000.0,0.0,1.0,0.0
2009-09-29,0.0,100000.0,0.0,100000.0,0.0,1.0,0.0
2009-09-30,0.0,100000.0,0.0,100000.0,0.0,1.0,0.0
2009-10-09,0.0,100000.0,0.0,100000.0,0.0,1.0,0.0
2009-10-12,0.0,100000.0,0.0,100000.0,0.0,1.0,0.0
2009-10-13,0.0,100000.0,0.0,100000.0,0.0,1.0,0.0
2009-10-14,0.0,100000.0,0.0,100000.0,0.0,1.0,0.0
2009-10-15,0.0,100000.0,0.0,100000.0,0.0,1.0,0.0
2009-10-16,0.0,100000.0,0.0,100000.0,0.0,1.0,0.0
2009-10-19,0.0,100000.0,0.0,100000.0,0.0,1.0,0.0
2009-10-20,0.0,100000.0,0.0,100000.0,0.0,1.0,0.0
2009-10-21,0.0,100000.0,0.0,100000.0,0.0,1.0,0.0
2009-10-22,0.0,100000.0,0.0,100000.0,0.0,1.0,0.0
2009-10-23,94876.2,4214.12,312.08,99090.32,-0.01,0.99,0.01
2009-10-26,91938.6,4214.12,312.08,96152.72,-0.03,0.96,0.04
2009-10-27,92808.0,4214.12,312.08,97022.12,0.01,0.97,0.03
2009-10-28,91121.4,4214.12,312.08,95335.52,-0.02,0.95,0.05
2009-10-29,90306.0,4214.12,312.08,94520.12,-0.01,0.95,0.05
2009-10-30,90577.8,4214.12,312.08,94791.92,0.0,0.95,0.05
2009-11-02,90714.6,4214.12,312.08,94928.72,0.0,0.95,0.05
2009-11-03,93488.4,4214.12,312.08,97702.52,0.03,0.98,0.02
2009-11-04,92237.4,4214.12,312.08,96451.52,-0.01,0.96,0.04
2009-11-05,93162.6,4214.12,312.08,97376.72,0.01,0.97,0.03
2009-11-06,95446.8,4214.12,312.08,99660.92,0.02,1.0,0.0
2009-11-09,93596.4,4214.12,312.08,97810.52,-0.02,0.98,0.02
2009-11-10,92482.2,4214.12,312.08,96696.32,-0.01,0.97,0.03
2009-11-11,91422.0,4214.12,312.08,95636.12,-0.01,0.96,0.04
2009-11-12,91638.0,4214.12,312.08,95852.12,0.0,0.96,0.04
2009-11-13,95175.0,4214.12,312.08,99389.12,0.04,0.99,0.01
2009-11-16,96017.4,4214.12,312.08,100231.52,0.01,1.0,0.0
2009-11-17,95202.0,4214.12,312.08,99416.12,-0.01,0.99,0.01
2009-11-18,97106.4,4214.12,312.08,101320.52,0.02,1.01,0.0
2009-11-19,96372.0,4214.12,312.08,100586.12,-0.01,1.01,0.01
2009-11-20,96399.0,4214.12,312.08,100613.12,0.0,1.01,0.01
2009-11-23,99255.6,4214.12,312.08,103469.72,0.03,1.03,0.0
2009-11-24,93189.6,4214.12,312.08,97403.72,-0.06,0.97,0.06
2009-11-25,94059.0,4214.12,312.08,98273.12,0.01,0.98,0.05
2009-11-26,90714.6,4214.12,312.08,94928.72,-0.03,0.95,0.09
2009-11-27,90523.8,4214.12,312.08,94737.92,-0.0,0.95,0.09
2009-11-30,92754.0,4214.12,312.08,96968.12,0.02,0.97,0.07
2009-12-01,92917.8,4214.12,312.08,97131.92,0.0,0.97,0.06
2009-12-02,96100.2,4214.12,312.08,100314.32,0.03,1.0,0.03
2009-12-03,94984.2,4214.12,312.08,99198.32,-0.01,0.99,0.04
2009-12-04,92862.0,4214.12,312.08,97076.12,-0.02,0.97,0.06
2009-12-07,96426.0,4214.12,312.08,100640.12,0.04,1.01,0.03
2009-12-08,94141.8,4214.12,312.08,98355.92,-0.02,0.98,0.05
2009-12-09,95637.6,4214.12,312.08,99851.72,0.02,1.0,0.04
2009-12-10,98438.4,4214.12,312.08,102652.52,0.03,1.03,0.01
2009-12-11,105510.6,4214.12,312.08,109724.72,0.07,1.1,0.0
2009-12-14,103716.0,4214.12,312.08,107930.12,-0.02,1.08,0.02
2009-12-15,99853.2,4214.12,312.08,104067.32,-0.04,1.04,0.06
2009-12-16,97106.4,4214.12,312.08,101320.52,-0.03,1.01,0.08
2009-12-17,96670.8,4214.12,312.08,100884.92,-0.0,1.01,0.09
2009-12-18,92482.2,4214.12,312.08,96696.32,-0.04,0.97,0.13
2009-12-21,93515.4,4214.12,312.08,97729.52,0.01,0.98,0.12
2009-12-22,90932.4,4214.12,312.08,95146.52,-0.03,0.95,0.15
2009-12-23,94195.8,4214.12,312.08,98409.92,0.03,0.98,0.11
2009-12-24,95365.8,4214.12,312.08,99579.92,0.01,1.0,0.1
2009-12-25,95148.0,4214.12,312.08,99362.12,-0.0,0.99,0.1
2009-12-28,95583.6,4214.12,312.08,99797.72,0.0,1.0,0.1
2009-12-29,99826.2,4214.12,312.08,104040.32,0.04,1.04,0.06
2009-12-30,97894.8,4214.12,312.08,102108.92,-0.02,1.02,0.08
2009-12-31,98438.4,4214.12,312.08,102652.52,0.01,1.03,0.07
2010-01-04,99228.6,4214.12,312.08,103442.72,0.01,1.03,0.06
2010-01-05,101431.8,4214.12,312.08,105645.92,0.02,1.06,0.04
2010-01-06,101214.0,4214.12,312.08,105428.12,-0.0,1.05,0.04
2010-01-07,97459.2,4214.12,312.08,101673.32,-0.04,1.02,0.08
2010-01-08,100641.6,4214.12,312.08,104855.72,0.03,1.05,0.05
2010-01-11,104722.2,4214.12,312.08,108936.32,0.04,1.09,0.01
2010-01-12,104423.4,4214.12,312.08,108637.52,-0.0,1.09,0.01
2010-01-13,109209.6,4214.12,312.08,113423.72,0.04,1.13,0.0
2010-01-14,109809.0,4214.12,312.08,114023.12,0.01,1.14,0.0
2010-01-15,107931.6,4214.12,312.08,112145.72,-0.02,1.12,0.02
2010-01-18,108612.0,4214.12,312.08,112826.12,0.01,1.13,0.01
2010-01-19,112365.0,4214.12,312.08,116579.12,0.03,1.17,0.0
2010-01-20,106626.6,4214.12,312.08,110840.72,-0.05,1.11,0.06
2010-01-21,105157.8,4214.12,312.08,109371.92,-0.01,1.09,0.07
2010-01-22,103361.4,4214.12,312.08,107575.52,-0.02,1.08,0.09
2010-01-25,100587.6,4214.12,312.08,104801.72,-0.03,1.05,0.12
2010-01-26,98004.6,4214.12,312.08,102218.72,-0.02,1.02,0.14
2010-01-27,98249.4,4214.12,312.08,102463.52,0.0,1.02,0.14
2010-01-28,99255.6,4214.12,312.08,103469.72,0.01,1.03,0.13
2010-01-29,100369.8,4214.12,312.08,104583.92,0.01,1.05,0.12
2010-02-01,97378.2,4214.12,312.08,101592.32,-0.03,1.02,0.15
2010-02-02,97623.0,4214.12,312.08,101837.12,0.0,1.02,0.15
2010-02-03,98139.6,4214.12,312.08,102353.72,0.01,1.02,0.14
2010-02-04,98874.0,4214.12,312.08,103088.12,0.01,1.03,0.13
2010-02-05,92210.4,4214.12,312.08,96424.52,-0.06,0.96,0.2
2010-02-08,89708.4,4214.12,312.08,93922.52,-0.03,0.94,0.23
2010-02-09,90658.8,4214.12,312.08,94872.92,0.01,0.95,0.22
2010-02-10,92073.6,4214.12,312.08,96287.72,0.01,0.96,0.2
2010-02-11,91557.0,4214.12,312.08,95771.12,-0.01,0.96,0.21
2010-02-12,92156.4,4214.12,312.08,96370.52,0.01,0.96,0.2
2010-02-22,93079.8,4214.12,312.08,97293.92,0.01,0.97,0.19
2010-02-23,94739.4,4214.12,312.08,98953.52,0.02,0.99,0.18
2010-02-24,95828.4,4214.12,312.08,100042.52,0.01,1.0,0.17
2010-02-25,99554.4,4214.12,312.08,103768.52,0.04,1.04,0.13
2010-02-26,98031.6,4214.12,312.08,102245.72,-0.01,1.02,0.14
2010-03-01,97975.8,4214.12,312.08,102189.92,-0.0,1.02,0.14
2010-03-02,96562.8,4214.12,312.08,100776.92,-0.01,1.01,0.16
2010-03-03,98112.6,4214.12,312.08,102326.72,0.02,1.02,0.14
2010-03-04,93025.8,4214.12,312.08,97239.92,-0.05,0.97,0.19
2010-03-05,93025.8,4214.12,312.08,97239.92,0.0,0.97,0.19
2010-03-08,93814.2,4214.12,312.08,98028.32,0.01,0.98,0.19
2010-03-09,93542.4,4214.12,312.08,97756.52,-0.0,0.98,0.19
2010-03-10,92318.4,4214.12,312.08,96532.52,-0.01,0.97,0.2
2010-03-11,93106.8,4214.12,312.08,97320.92,0.01,0.97,0.19
2010-03-12,94114.8,4214.12,312.08,98328.92,0.01,0.98,0.18
2010-03-15,95637.6,4214.12,312.08,99851.72,0.02,1.0,0.17
2010-03-16,97214.4,4214.12,312.08,101428.52,0.02,1.01,0.15
2010-03-17,99010.8,4214.12,312.08,103224.92,0.02,1.03,0.13
2010-03-18,99853.2,4214.12,312.08,104067.32,0.01,1.04,0.13
2010-03-19,99554.4,4214.12,312.08,103768.52,-0.0,1.04,0.13
2010-03-22,100098.0,4214.12,312.08,104312.12,0.01,1.04,0.12
2010-03-23,103635.0,4214.12,312.08,107849.12,0.03,1.08,0.09
2010-03-24,105620.4,4214.12,312.08,109834.52,0.02,1.1,0.07
2010-03-25,105265.8,4214.12,312.08,109479.92,-0.0,1.09,0.07
2010-03-26,105674.4,4214.12,312.08,109888.52,0.0,1.1,0.07
2010-03-29,107442.0,4214.12,312.08,111656.12,0.02,1.12,0.05
2010-03-30,109454.4,4214.12,312.08,113668.52,0.02,1.14,0.03
2010-03-31,111358.8,4214.12,312.08,115572.92,0.02,1.16,0.01
2010-04-01,114732.0,4214.12,312.08,118946.12,0.03,1.19,0.0
2010-04-02,111250.8,4214.12,312.08,115464.92,-0.03,1.15,0.03
2010-04-06,108802.8,4214.12,312.08,113016.92,-0.02,1.13,0.06
2010-04-07,113589.0,4214.12,312.08,117803.12,0.04,1.18,0.01
2010-04-08,119628.0,4214.12,312.08,123842.12,0.05,1.24,0.0
2010-04-09,123762.6,4214.12,312.08,127976.72,0.03,1.28,0.0
2010-04-13,125449.2,4214.12,312.08,129663.32,0.01,1.3,0.0
2010-04-14,126210.6,4214.12,312.08,130424.72,0.01,1.3,0.0
2010-04-15,126320.4,4214.12,312.08,130534.52,0.0,1.31,0.0
2010-04-16,125177.4,4214.12,312.08,129391.52,-0.01,1.29,0.01
2010-04-19,122401.8,4214.12,312.08,126615.92,-0.02,1.27,0.04
2010-04-20,130563.0,4214.12,312.08,134777.12,0.06,1.35,0.0
2010-04-21,134643.6,4214.12,312.08,138857.72,0.03,1.39,0.0
2010-04-22,134697.6,4214.12,312.08,138911.72,0.0,1.39,0.0
2010-04-23,128169.0,4214.12,312.08,132383.12,-0.05,1.32,0.07
2010-04-26,125602.2,4214.12,312.08,129816.32,-0.02,1.3,0.09
2010-04-27,124016.4,4214.12,312.08,128230.52,-0.01,1.28,0.11
2010-04-28,120466.8,4214.12,312.08,124680.92,-0.03,1.25,0.14
2010-04-29,117187.2,4214.12,312.08,121401.32,-0.03,1.21,0.18
2010-04-30,114975.0,4214.12,312.08,119189.12,-0.02,1.19,0.2
2010-05-04,116996.4,4214.12,312.08,121210.52,0.02,1.21,0.18
2010-05-05,120193.2,4214.12,312.08,124407.32,0.03,1.24,0.15
2010-05-06,112872.6,4214.12,312.08,117086.72,-0.06,1.17,0.22
2010-05-07,113500.8,4214.12,312.08,117714.92,0.01,1.18,0.21
2010-05-10,113227.2,4214.12,312.08,117441.32,-0.0,1.17,0.21
2010-05-11,112545.0,4214.12,312.08,116759.12,-0.01,1.17,0.22
2010-05-12,101289.6,4214.12,312.08,105503.72,-0.1,1.06,0.33
2010-05-13,102655.8,4214.12,312.08,106869.92,0.01,1.07,0.32
2010-05-14,103665.6,4214.12,312.08,107879.72,0.01,1.08,0.31
2010-05-17,99104.4,4214.12,312.08,103318.52,-0.04,1.03,0.36
2010-05-18,101098.8,4214.12,312.08,105312.92,0.02,1.05,0.34
2010-05-19,103802.4,4214.12,312.08,108016.52,0.03,1.08,0.31
2010-05-20,103611.6,4214.12,312.08,107825.72,-0.0,1.08,0.31
2010-05-21,107272.8,4214.12,312.08,111486.92,0.03,1.11,0.27
2010-05-24,109265.4,4214.12,312.08,113479.52,0.02,1.13,0.25
2010-05-25,105579.0,4214.12,312.08,109793.12,-0.03,1.1,0.29
2010-05-26,106234.2,4214.12,312.08,110448.32,0.01,1.1,0.28
2010-05-27,108118.8,4214.12,312.08,112332.92,0.02,1.12,0.27
2010-05-28,106916.4,4214.12,312.08,111130.52,-0.01,1.11,0.28
2010-05-31,108172.8,4214.12,312.08,112386.92,0.01,1.12,0.27
2010-06-01,103501.8,4214.12,312.08,107715.92,-0.04,1.08,0.31
2010-06-02,106180.2,4214.12,312.08,110394.32,0.02,1.1,0.29
2010-06-03,107217.0,4214.12,312.08,111431.12,0.01,1.11,0.27
2010-06-04,108720.0,4214.12,312.08,112934.12,0.01,1.13,0.26
2010-06-07,111724.2,4214.12,312.08,115938.32,0.03,1.16,0.23
2010-06-08,110140.2,4214.12,312.08,114354.32,-0.01,1.14,0.25
2010-06-09,112816.8,4214.12,312.08,117030.92,0.02,1.17,0.22
2010-06-10,114429.6,4214.12,312.08,118643.72,0.01,1.19,0.2
2010-06-11,114593.4,4214.12,312.08,118807.52,0.0,1.19,0.2
2010-06-17,110167.2,4214.12,312.08,114381.32,-0.04,1.14,0.25
2010-06-18,109265.4,4214.12,312.08,113479.52,-0.01,1.13,0.25
2010-06-21,110413.8,4214.12,312.08,114627.92,0.01,1.15,0.24
2010-06-22,110059.2,4214.12,312.08,114273.32,-0.0,1.14,0.25
2010-06-23,110822.4,4214.12,312.08,115036.52,0.01,1.15,0.24
2010-06-24,109238.4,4214.12,312.08,113452.52,-0.01,1.13,0.25
2010-06-25,107217.0,4214.12,312.08,111431.12,-0.02,1.11,0.27
2010-06-29,103257.0,4214.12,312.08,107471.12,-0.04,1.07,0.31
2010-06-30,97383.6,4214.12,312.08,101597.72,-0.05,1.02,0.37
2010-07-01,91236.6,4214.12,312.08,95450.72,-0.06,0.95,0.43
2010-07-02,89735.4,4214.12,312.08,93949.52,-0.02,0.94,0.45
2010-07-05,90280.8,4214.12,312.08,94494.92,0.01,0.94,0.44
2010-07-06,94242.6,4214.12,312.08,98456.72,0.04,0.98,0.4
2010-07-07,95607.0,4214.12,312.08,99821.12,0.01,1.0,0.39
2010-07-08,95088.6,4214.12,312.08,99302.72,-0.01,0.99,0.4
2010-07-09,96044.4,4214.12,312.08,100258.52,0.01,1.0,0.39
2010-07-12,95007.6,4214.12,312.08,99221.72,-0.01,0.99,0.4
2010-07-13,95607.0,4214.12,312.08,99821.12,0.01,1.0,0.39
2010-07-14,95907.6,4214.12,312.08,100121.72,0.0,1.0,0.39
2010-07-15,91510.2,4214.12,312.08,95724.32,-0.04,0.96,0.43
2010-07-16,92849.4,4214.12,312.08,97063.52,0.01,0.97,0.42
2010-07-19,93832.2,4214.12,312.08,98046.32,0.01,0.98,0.41
2010-07-20,97192.8,4214.12,312.08,101406.92,0.03,1.01,0.38
2010-07-21,98121.6,4214.12,312.08,102335.72,0.01,1.02,0.37
2010-07-22,102983.4,4214.12,312.08,107197.52,0.05,1.07,0.32
2010-07-23,106097.4,4214.12,312.08,110311.52,0.03,1.1,0.29
2010-07-26,108446.4,4214.12,312.08,112660.52,0.02,1.13,0.26
2010-07-27,109265.4,4214.12,312.08,113479.52,0.01,1.13,0.25
2010-07-28,114400.8,4214.12,312.08,118614.92,0.05,1.19,0.2
2010-07-29,113828.4,4214.12,312.08,118042.52,-0.0,1.18,0.21
2010-07-30,112134.6,4214.12,312.08,116348.72,-0.01,1.16,0.23
2010-08-02,110768.4,4214.12,312.08,114982.52,-0.01,1.15,0.24
2010-08-03,110741.4,4214.12,312.08,114955.52,-0.0,1.15,0.24
2010-08-04,110986.2,4214.12,312.08,115200.32,0.0,1.15,0.24
2010-08-05,110795.4,4214.12,312.08,115009.52,-0.0,1.15,0.24
2010-08-06,112051.8,4214.12,312.08,116265.92,0.01,1.16,0.23
2010-08-09,116177.4,4214.12,312.08,120391.52,0.04,1.2,0.19
2010-08-10,112680.0,4214.12,312.08,116894.12,-0.03,1.17,0.22
2010-08-11,112352.4,4214.12,312.08,116566.52,-0.0,1.17,0.22
2010-08-12,110905.2,4214.12,312.08,115119.32,-0.01,1.15,0.24
2010-08-13,115603.2,4214.12,312.08,119817.32,0.04,1.2,0.19
2010-08-16,116969.4,4214.12,312.08,121183.52,0.01,1.21,0.18
2010-08-17,116805.6,4214.12,312.08,121019.72,-0.0,1.21,0.18
2010-08-18,118963.8,4214.12,312.08,123177.92,0.02,1.23,0.16
2010-08-19,118800.0,4214.12,312.08,123014.12,-0.0,1.23,0.16
2010-08-20,114730.2,4214.12,312.08,118944.32,-0.03,1.19,0.2
2010-08-23,114865.2,4214.12,312.08,119079.32,0.0,1.19,0.2
2010-08-24,116942.4,4214.12,312.08,121156.52,0.02,1.21,0.18
2010-08-25,116094.6,4214.12,312.08,120308.72,-0.01,1.2,0.19
2010-08-26,119673.0,4214.12,312.08,123887.12,0.03,1.24,0.15
2010-08-27,123197.4,4214.12,312.08,127411.52,0.03,1.27,0.12
2010-08-30,133851.6,4214.12,312.08,138065.72,0.08,1.38,0.01
2010-08-31,133932.6,4214.12,312.08,138146.72,0.0,1.38,0.01
2010-09-01,129535.2,4214.12,312.08,133749.32,-0.03,1.34,0.05
2010-09-02,135216.0,4214.12,312.08,139430.12,0.04,1.39,0.0
2010-09-03,136855.8,4214.12,312.08,141069.92,0.01,1.41,0.0
2010-09-06,131693.4,4214.12,312.08,135907.52,-0.04,1.36,0.05
2010-09-07,133795.8,4214.12,312.08,138009.92,0.02,1.38,0.03
2010-09-08,147182.4,4214.12,312.08,151396.52,0.1,1.51,0.0
2010-09-09,147510.0,4214.12,312.08,151724.12,0.0,1.52,0.0
2010-09-10,147700.8,4214.12,312.08,151914.92,0.0,1.52,0.0
2010-09-13,149612.4,4214.12,312.08,153826.52,0.01,1.54,0.0
2010-09-14,152098.2,4214.12,312.08,156312.32,0.02,1.56,0.0
2010-09-15,146307.6,4214.12,312.08,150521.72,-0.04,1.51,0.06
2010-09-16,146417.4,4214.12,312.08,150631.52,0.0,1.51,0.06
2010-09-17,146170.8,4214.12,312.08,150384.92,-0.0,1.5,0.06
2010-09-20,139723.2,4214.12,312.08,143937.32,-0.04,1.44,0.12
2010-09-21,141172.2,4214.12,312.08,145386.32,0.01,1.45,0.11
2010-09-27,146989.8,4214.12,312.08,151203.92,0.04,1.51,0.05
2010-09-28,147454.2,4214.12,312.08,151668.32,0.0,1.52,0.05
2010-09-29,146552.4,4214.12,312.08,150766.52,-0.01,1.51,0.06
2010-09-30,142592.4,4214.12,312.08,146806.52,-0.03,1.47,0.1
2010-10-08,137921.4,4214.12,312.08,142135.52,-0.03,1.42,0.14
2010-10-11,133304.4,4214.12,312.08,137518.52,-0.03,1.38,0.19
2010-10-12,129616.2,4214.12,312.08,133830.32,-0.03,1.34,0.22
2010-10-13,129862.8,4214.12,312.08,134076.92,0.0,1.34,0.22
2010-10-14,124837.2,4214.12,312.08,129051.32,-0.04,1.29,0.27
2010-10-15,124016.4,4214.12,312.08,128230.52,-0.01,1.28,0.28
2010-10-18,119646.0,4214.12,312.08,123860.12,-0.03,1.24,0.32
2010-10-19,131610.6,4214.12,312.08,135824.72,0.1,1.36,0.2
2010-10-20,131119.2,4214.12,312.08,135333.32,-0.0,1.35,0.21
2010-10-21,133932.6,4214.12,312.08,138146.72,0.02,1.38,0.18
2010-10-22,144531.0,4214.12,312.08,148745.12,0.08,1.49,0.08
2010-10-28,158981.4,4214.12,312.08,163195.52,0.1,1.63,0.0
2010-10-29,164172.6,4214.12,312.08,168386.72,0.03,1.68,0.0
2010-11-01,165947.4,4214.12,312.08,170161.52,0.01,1.7,0.0
2010-11-02,174825.0,4214.12,312.08,179039.12,0.05,1.79,0.0
2010-11-03,164172.6,4214.12,312.08,168386.72,-0.06,1.68,0.11
2010-11-04,179605.8,4214.12,312.08,183819.92,0.09,1.84,0.0
2010-11-05,195750.0,4214.12,312.08,199964.12,0.09,2.0,0.0
2010-11-08,195312.6,4214.12,312.08,199526.72,-0.0,2.0,0.0
2010-11-09,194356.8,4214.12,312.08,198570.92,-0.0,1.99,0.01
2010-11-10,194302.8,4214.12,312.08,198516.92,-0.0,1.99,0.01
2010-11-11,203454.0,4214.12,312.08,207668.12,0.05,2.08,0.0
2010-11-12,193975.2,4214.12,312.08,198189.32,-0.05,1.98,0.09
2010-11-15,213341.4,4214.12,312.08,217555.52,0.1,2.18,0.0
2010-11-16,202469.4,4214.12,312.08,206683.52,-0.05,2.07,0.11
2010-11-17,204327.0,4214.12,312.08,208541.12,0.01,2.09,0.09
2010-11-18,210884.4,4214.12,312.08,215098.52,0.03,2.15,0.02
2010-11-19,231971.4,4214.12,312.08,236185.52,0.1,2.36,0.0
2010-11-22,223968.6,4214.12,312.08,228182.72,-0.03,2.28,0.08
2010-11-23,230551.2,4214.12,312.08,234765.32,0.03,2.35,0.01
2010-11-24,224814.6,4214.12,312.08,229028.72,-0.02,2.29,0.07
2010-11-25,224814.6,4214.12,312.08,229028.72,0.0,2.29,0.07
2010-11-26,226999.8,4214.12,312.08,231213.92,0.01,2.31,0.05
2010-11-29,232191.0,4214.12,312.08,236405.12,0.02,2.36,0.0
2010-11-30,225088.2,4214.12,312.08,229302.32,-0.03,2.29,0.07
2010-12-02,221045.4,4214.12,312.08,225259.52,-0.02,2.25,0.11
2010-12-03,207550.8,4214.12,312.08,211764.92,-0.06,2.12,0.25
2010-12-06,201596.4,4214.12,312.08,205810.52,-0.03,2.06,0.31
2010-12-07,207633.6,4214.12,312.08,211847.72,0.03,2.12,0.25
2010-12-08,213834.6,4214.12,312.08,218048.72,0.03,2.18,0.18
2010-12-09,213834.6,4214.12,312.08,218048.72,0.0,2.18,0.18
2010-12-10,217166.4,4214.12,312.08,221380.52,0.02,2.21,0.15
2010-12-13,223995.6,4214.12,312.08,228209.72,0.03,2.28,0.08
2010-12-14,240386.4,4214.12,312.08,244600.52,0.07,2.45,0.0
2010-12-15,233829.0,4214.12,312.08,238043.12,-0.03,2.38,0.07
2010-12-16,234349.2,4214.12,312.08,238563.32,0.0,2.39,0.06
2010-12-17,232736.4,4214.12,312.08,236950.52,-0.01,2.37,0.08
2010-12-20,226728.0,4214.12,312.08,230942.12,-0.03,2.31,0.14
2010-12-21,218505.6,4214.12,312.08,222719.72,-0.04,2.23,0.22
2010-12-22,214326.0,4214.12,312.08,218540.12,-0.02,2.19,0.26
2010-12-23,210036.6,4214.12,312.08,214250.72,-0.02,2.14,0.3
2010-12-24,206103.6,4214.12,312.08,210317.72,-0.02,2.1,0.34
2010-12-27,203454.0,4214.12,312.08,207668.12,-0.01,2.08,0.37
2010-12-28,196678.8,4214.12,312.08,200892.92,-0.03,2.01,0.44
2010-12-29,212412.6,4214.12,312.08,216626.72,0.08,2.17,0.28
2010-12-30,215800.2,4214.12,312.08,220014.32,0.02,2.2,0.25
2010-12-31,215800.2,4214.12,312.08,220014.32,0.0,2.2,0.25
2011-01-04,228092.4,4214.12,312.08,232306.52,0.06,2.32,0.12
2011-01-05,221236.2,4214.12,312.08,225450.32,-0.03,2.25,0.19
2011-01-06,217985.4,4214.12,312.08,222199.52,-0.01,2.22,0.22
2011-01-07,204874.2,4214.12,312.08,209088.32,-0.06,2.09,0.36
2011-01-10,195859.8,4214.12,312.08,200073.92,-0.04,2.0,0.45
2011-01-11,188211.6,4214.12,312.08,192425.72,-0.04,1.92,0.52
2011-01-12,186571.8,4214.12,312.08,190785.92,-0.01,1.91,0.54
2011-01-13,197935.2,4214.12,312.08,202149.32,0.06,2.02,0.42
2011-01-14,195859.8,4214.12,312.08,200073.92,-0.01,2.0,0.45
2011-01-17,191790.0,4214.12,312.08,196004.12,-0.02,1.96,0.49
2011-01-18,187119.0,4214.12,312.08,191333.12,-0.02,1.91,0.53
2011-01-19,188348.4,4214.12,312.08,192562.52,0.01,1.93,0.52
2011-01-20,184249.8,4214.12,312.08,188463.92,-0.02,1.88,0.56
2011-01-21,173187.0,4214.12,312.08,177401.12,-0.06,1.77,0.67
2011-01-24,160894.8,4214.12,312.08,165108.92,-0.07,1.65,0.79
2011-01-25,162806.4,4214.12,312.08,167020.52,0.01,1.67,0.78
2011-01-26,162369.0,4214.12,312.08,166583.12,-0.0,1.67,0.78
2011-01-27,168652.8,4214.12,312.08,172866.92,0.04,1.73,0.72
2011-01-28,165238.2,4214.12,312.08,169452.32,-0.02,1.69,0.75
2011-01-31,170947.8,4214.12,312.08,175161.92,0.03,1.75,0.69
2011-02-01,174553.2,4214.12,312.08,178767.32,0.02,1.79,0.66
2011-02-09,171001.8,4214.12,312.08,175215.92,-0.02,1.75,0.69
2011-02-10,176410.8,4214.12,312.08,180624.92,0.03,1.81,0.64
2011-02-11,179332.2,4214.12,312.08,183546.32,0.02,1.84,0.61
2011-02-14,184933.8,4214.12,312.08,189147.92,0.03,1.89,0.55
2011-02-15,192582.0,4214.12,312.08,196796.12,0.04,1.97,0.48
2011-02-16,187119.0,4214.12,312.08,191333.12,-0.03,1.91,0.53
2011-02-17,185670.0,4214.12,312.08,189884.12,-0.01,1.9,0.55
2011-02-21,190641.6,4214.12,312.08,194855.72,0.03,1.95,0.5
2011-02-22,186107.4,4214.12,312.08,190321.52,-0.02,1.9,0.54
2011-02-23,194466.6,4214.12,312.08,198680.72,0.04,1.99,0.46
2011-02-24,195040.8,4214.12,312.08,199254.92,0.0,1.99,0.45
2011-02-25,185752.8,4214.12,312.08,189966.92,-0.05,1.9,0.55
2011-02-28,186789.6,4214.12,312.08,191003.72,0.01,1.91,0.54
2011-03-01,186571.8,4214.12,312.08,190785.92,-0.0,1.91,0.54
2011-03-02,188319.6,4214.12,312.08,192533.72,0.01,1.93,0.52
2011-03-03,179046.0,4214.12,312.08,183260.12,-0.05,1.83,0.61
2011-03-04,180156.6,4214.12,312.08,184370.72,0.01,1.84,0.6
2011-03-07,184429.8,4214.12,312.08,188643.92,0.02,1.89,0.56
2011-03-08,191088.0,4214.12,312.08,195302.12,0.04,1.95,0.49
2011-03-09,210196.8,4214.12,312.08,214410.92,0.1,2.14,0.3
2011-03-10,215332.2,4214.12,312.08,219546.32,0.02,2.2,0.25
2011-03-11,209086.2,4214.12,312.08,213300.32,-0.03,2.13,0.31
2011-03-14,207442.8,4214.12,312.08,211656.92,-0.01,2.12,0.33
2011-03-15,203702.4,4214.12,312.08,207916.52,-0.02,2.08,0.37
2011-03-16,213442.2,4214.12,312.08,217656.32,0.05,2.18,0.27
2011-03-17,209169.0,4214.12,312.08,213383.12,-0.02,2.13,0.31
2011-03-18,198567.0,4214.12,312.08,202781.12,-0.05,2.03,0.42
2011-03-21,194374.8,4214.12,312.08,198588.92,-0.02,1.99,0.46
2011-03-22,193141.8,4214.12,312.08,197355.92,-0.01,1.97,0.47
2011-03-23,197908.2,4214.12,312.08,202122.32,0.02,2.02,0.42
2011-03-24,196142.4,4214.12,312.08,200356.52,-0.01,2.0,0.44
2011-03-25,193059.0,4214.12,312.08,197273.12,-0.02,1.97,0.47
2011-03-28,188539.2,4214.12,312.08,192753.32,-0.02,1.93,0.52
2011-03-29,189032.4,4214.12,312.08,193246.52,0.0,1.93,0.51
2011-03-30,183814.2,4214.12,312.08,188028.32,-0.03,1.88,0.57
2011-03-31,181922.4,4214.12,312.08,186136.52,-0.01,1.86,0.58
2011-04-01,187059.6,4214.12,312.08,191273.72,0.03,1.91,0.53
2011-04-06,183648.6,4214.12,312.08,187862.72,-0.02,1.88,0.57
2011-04-07,174650.4,4214.12,312.08,178864.52,-0.05,1.79,0.66
2011-04-08,174855.6,4214.12,312.08,179069.72,0.0,1.79,0.66
2011-04-11,171937.8,4214.12,312.08,176151.92,-0.02,1.76,0.68
2011-04-12,169183.8,4214.12,312.08,173397.92,-0.02,1.73,0.71
2011-04-13,180525.6,4214.12,312.08,184739.72,0.07,1.85,0.6
2011-04-14,182622.6,4214.12,312.08,186836.72,0.01,1.87,0.58
2011-04-15,179416.8,4214.12,312.08,183630.92,-0.02,1.84,0.61
2011-04-18,179991.0,4214.12,312.08,184205.12,0.0,1.84,0.6
2011-04-19,175964.4,4214.12,312.08,180178.52,-0.02,1.8,0.64
2011-04-20,183690.0,4214.12,312.08,187904.12,0.04,1.88,0.57
2011-04-21,186156.0,4214.12,312.08,190370.12,0.01,1.9,0.54
2011-04-22,184100.4,4214.12,312.08,188314.52,-0.01,1.88,0.56
2011-04-25,181841.4,4214.12,312.08,186055.52,-0.01,1.86,0.59
2011-04-26,177937.2,4214.12,312.08,182151.32,-0.02,1.82,0.62
2011-04-27,174650.4,4214.12,312.08,178864.52,-0.02,1.79,0.66
2011-04-28,174650.4,4214.12,312.08,178864.52,0.0,1.79,0.66
2011-04-29,177937.2,4214.12,312.08,182151.32,0.02,1.82,0.62
2011-05-03,181636.2,4214.12,312.08,185850.32,0.02,1.86,0.59
2011-05-04,181512.0,4214.12,312.08,185726.12,-0.0,1.86,0.59
2011-05-05,181389.6,4214.12,312.08,185603.72,-0.0,1.86,0.59
2011-05-06,186031.8,4214.12,312.08,190245.92,0.03,1.9,0.54
2011-05-09,184923.0,4214.12,312.08,189137.12,-0.01,1.89,0.55
2011-05-10,182662.2,4214.12,312.08,186876.32,-0.01,1.87,0.58
2011-05-11,182869.2,4214.12,312.08,187083.32,0.0,1.87,0.58
2011-05-12,177238.8,4214.12,312.08,181452.92,-0.03,1.81,0.63
2011-05-13,173334.6,4214.12,312.08,177548.72,-0.02,1.78,0.67
2011-05-16,175307.4,4214.12,312.08,179521.52,0.01,1.8,0.65
2011-05-17,175307.4,4214.12,312.08,179521.52,0.0,1.8,0.65
2011-05-18,174650.4,4214.12,312.08,178864.52,-0.0,1.79,0.66
2011-05-19,170910.0,4214.12,312.08,175124.12,-0.02,1.75,0.69
2011-05-20,165731.4,4214.12,312.08,169945.52,-0.03,1.7,0.75
2011-05-23,164376.0,4214.12,312.08,168590.12,-0.01,1.69,0.76
2011-05-24,166431.6,4214.12,312.08,170645.72,0.01,1.71,0.74
2011-05-25,166266.0,4214.12,312.08,170480.12,-0.0,1.7,0.74
2011-05-26,157719.6,4214.12,312.08,161933.72,-0.05,1.62,0.83
2011-05-27,152047.8,4214.12,312.08,156261.92,-0.04,1.56,0.88
2011-05-30,147322.8,4214.12,312.08,151536.92,-0.03,1.52,0.93
2011-05-31,153156.6,4214.12,312.08,157370.72,0.04,1.57,0.87
2011-06-01,152253.0,4214.12,312.08,156467.12,-0.01,1.56,0.88
2011-06-02,147855.6,4214.12,312.08,152069.72,-0.03,1.52,0.93
2011-06-03,150075.0,4214.12,312.08,154289.12,0.01,1.54,0.9
2011-06-07,151925.4,4214.12,312.08,156139.52,0.01,1.56,0.88
2011-06-08,152047.8,4214.12,312.08,156261.92,0.0,1.56,0.88
2011-06-09,157390.2,4214.12,312.08,161604.32,0.03,1.62,0.83
2011-06-10,154924.2,4214.12,312.08,159138.32,-0.02,1.59,0.85
2011-06-13,153280.8,4214.12,312.08,157494.92,-0.01,1.57,0.87
2011-06-14,156362.4,4214.12,312.08,160576.52,0.02,1.61,0.84
2011-06-15,159404.4,4214.12,312.08,163618.52,0.02,1.64,0.81
2011-06-16,156897.0,4214.12,312.08,161111.12,-0.02,1.61,0.83
2011-06-17,151637.4,4214.12,312.08,155851.52,-0.03,1.56,0.89
2011-06-20,148309.2,4214.12,312.08,152523.32,-0.02,1.53,0.92
2011-06-21,151185.6,4214.12,312.08,155399.72,0.02,1.55,0.89
2011-06-22,149994.0,4214.12,312.08,154208.12,-0.01,1.54,0.9
2011-06-23,152335.8,4214.12,312.08,156549.92,0.02,1.57,0.88
2011-06-24,156157.2,4214.12,312.08,160371.32,0.02,1.6,0.84
2011-06-27,160266.6,4214.12,312.08,164480.72,0.03,1.64,0.8
2011-06-28,161541.0,4214.12,312.08,165755.12,0.01,1.66,0.79
2011-06-29,160266.6,4214.12,312.08,164480.72,-0.01,1.64,0.8
2011-06-30,166431.6,4214.12,312.08,170645.72,0.04,1.71,0.74
2011-07-01,164869.2,4214.12,312.08,169083.32,-0.01,1.69,0.76
2011-07-04,167869.8,4214.12,312.08,172083.92,0.02,1.72,0.73
2011-07-05,167909.4,4214.12,312.08,172123.52,0.0,1.72,0.72
2011-07-06,169840.8,4214.12,312.08,174054.92,0.01,1.74,0.71
2011-07-07,179580.6,4214.12,312.08,183794.72,0.06,1.84,0.61
2011-07-08,178635.6,4214.12,312.08,182849.72,-0.01,1.83,0.62
2011-07-11,181636.2,4214.12,312.08,185850.32,0.02,1.86,0.59
2011-07-12,180444.6,4214.12,312.08,184658.72,-0.01,1.85,0.6
2011-07-13,183690.0,4214.12,312.08,187904.12,0.02,1.88,0.57
2011-07-14,182251.8,4214.12,312.08,186465.92,-0.01,1.86,0.58
2011-07-15,180813.6,4214.12,312.08,185027.72,-0.01,1.85,0.6
2011-07-18,178513.2,4214.12,312.08,182727.32,-0.01,1.83,0.62
2011-07-19,173869.2,4214.12,312.08,178083.32,-0.03,1.78,0.67
2011-07-20,171361.8,4214.12,312.08,175575.92,-0.01,1.76,0.69
2011-07-21,169677.0,4214.12,312.08,173891.12,-0.01,1.74,0.71
2011-07-22,168485.4,4214.12,312.08,172699.52,-0.01,1.73,0.72
2011-07-25,161128.8,4214.12,312.08,165342.92,-0.04,1.65,0.79
2011-07-26,156157.2,4214.12,312.08,160371.32,-0.03,1.6,0.84
2011-07-27,161910.0,4214.12,312.08,166124.12,0.04,1.66,0.78
2011-07-28,160554.6,4214.12,312.08,164768.72,-0.01,1.65,0.8
2011-07-29,159526.8,4214.12,312.08,163740.92,-0.01,1.64,0.81
2011-08-01,167499.0,4214.12,312.08,171713.12,0.05,1.72,0.73
2011-08-04,163553.4,4214.12,312.08,167767.52,-0.02,1.68,0.77
2011-08-05,159526.8,4214.12,312.08,163740.92,-0.02,1.64,0.81
2011-08-08,151432.2,4214.12,312.08,155646.32,-0.05,1.56,0.89
2011-08-09,148185.0,4214.12,312.08,152399.12,-0.02,1.52,0.92
2011-08-10,148924.8,4214.12,312.08,153138.92,0.0,1.53,0.91
2011-08-11,151266.6,4214.12,312.08,155480.72,0.02,1.55,0.89
2011-08-12,150321.6,4214.12,312.08,154535.72,-0.01,1.55,0.9
2011-08-15,154596.6,4214.12,312.08,158810.72,0.03,1.59,0.86
2011-08-16,152951.4,4214.12,312.08,157165.52,-0.01,1.57,0.87
2011-08-17,151471.8,4214.12,312.08,155685.92,-0.01,1.56,0.89
2011-08-18,148348.8,4214.12,312.08,152562.92,-0.02,1.53,0.92
2011-08-19,146664.0,4214.12,312.08,150878.12,-0.01,1.51,0.94
2011-08-22,146377.8,4214.12,312.08,150591.92,-0.0,1.51,0.94
2011-08-23,147528.0,4214.12,312.08,151742.12,0.01,1.52,0.93
2011-08-24,152089.2,4214.12,312.08,156303.32,0.03,1.56,0.88
2011-08-25,154677.6,4214.12,312.08,158891.72,0.02,1.59,0.86
2011-08-26,153034.2,4214.12,312.08,157248.32,-0.01,1.57,0.87
2011-08-29,150814.8,4214.12,312.08,155028.92,-0.01,1.55,0.9
2011-08-30,150814.8,4214.12,312.08,155028.92,0.0,1.55,0.9
2011-08-31,0.0,154385.14,955.86,154385.14,-0.0,1.54,0.9
2011-09-01,0.0,154385.14,955.86,154385.14,0.0,1.54,0.9
2011-09-02,0.0,154385.14,955.86,154385.14,0.0,1.54,0.9
2011-09-05,0.0,154385.14,955.86,154385.14,0.0,1.54,0.9
2011-09-06,0.0,154385.14,955.86,154385.14,0.0,1.54,0.9
2011-09-07,0.0,154385.14,955.86,154385.14,0.0,1.54,0.9
2011-09-08,0.0,154385.14,955.86,154385.14,0.0,1.54,0.9
2011-09-09,0.0,154385.14,955.86,154385.14,0.0,1.54,0.9
2011-09-13,0.0,154385.14,955.86,154385.14,0.0,1.54,0.9
2011-09-14,0.0,154385.14,955.86,154385.14,0.0,1.54,0.9
2011-09-15,0.0,154385.14,955.86,154385.14,0.0,1.54,0.9
2011-09-16,0.0,154385.14,955.86,154385.14,0.0,1.54,0.9
2011-09-19,0.0,154385.14,955.86,154385.14,0.0,1.54,0.9
2011-09-20,0.0,154385.14,955.86,154385.14,0.0,1.54,0.9
2011-09-21,0.0,154385.14,955.86,154385.14,0.0,1.54,0.9
2011-09-22,0.0,154385.14,955.86,154385.14,0.0,1.54,0.9
2011-09-23,0.0,154385.14,955.86,154385.14,0.0,1.54,0.9
2011-09-26,0.0,154385.14,955.86,154385.14,0.0,1.54,0.9
2011-09-27,0.0,154385.14,955.86,154385.14,0.0,1.54,0.9
2011-09-28,0.0,154385.14,955.86,154385.14,0.0,1.54,0.9
2011-09-29,0.0,154385.14,955.86,154385.14,0.0,1.54,0.9
2011-09-30,0.0,154385.14,955.86,154385.14,0.0,1.54,0.9
2011-10-10,0.0,154385.14,955.86,154385.14,0.0,1.54,0.9
2011-10-11,0.0,154385.14,955.86,154385.14,0.0,1.54,0.9
2011-10-12,0.0,154385.14,955.86,154385.14,0.0,1.54,0.9
2011-10-13,0.0,154385.14,955.86,154385.14,0.0,1.54,0.9
2011-10-14,0.0,154385.14,955.86,154385.14,0.0,1.54,0.9
2011-10-17,0.0,154385.14,955.86,154385.14,0.0,1.54,0.9
2011-10-18,0.0,154385.14,955.86,154385.14,0.0,1.54,0.9
2011-10-19,0.0,154385.14,955.86,154385.14,0.0,1.54,0.9
2011-10-20,0.0,154385.14,955.86,154385.14,0.0,1.54,0.9
2011-10-21,0.0,154385.14,955.86,154385.14,0.0,1.54,0.9
2011-10-24,0.0,154385.14,955.86,154385.14,0.0,1.54,0.9
2011-10-25,0.0,154385.14,955.86,154385.14,0.0,1.54,0.9
2011-10-26,0.0,154385.14,955.86,154385.14,0.0,1.54,0.9
2011-10-27,0.0,154385.14,955.86,154385.14,0.0,1.54,0.9
2011-10-28,0.0,154385.14,955.86,154385.14,0.0,1.54,0.9
2011-10-31,0.0,154385.14,955.86,154385.14,0.0,1.54,0.9
2011-11-01,0.0,154385.14,955.86,154385.14,0.0,1.54,0.9
2011-11-02,0.0,154385.14,955.86,154385.14,0.0,1.54,0.9
2011-11-03,0.0,154385.14,955.86,154385.14,0.0,1.54,0.9
2011-11-04,0.0,154385.14,955.86,154385.14,0.0,1.54,0.9
2011-11-07,0.0,154385.14,955.86,154385.14,0.0,1.54,0.9
2011-11-08,0.0,154385.14,955.86,154385.14,0.0,1.54,0.9
2011-11-09,0.0,154385.14,955.86,154385.14,0.0,1.54,0.9
2011-11-10,0.0,154385.14,955.86,154385.14,0.0,1.54,0.9
2011-11-11,0.0,154385.14,955.86,154385.14,0.0,1.54,0.9
2011-11-14,0.0,154385.14,955.86,154385.14,0.0,1.54,0.9
2011-11-15,0.0,154385.14,955.86,154385.14,0.0,1.54,0.9
2011-11-16,0.0,154385.14,955.86,154385.14,0.0,1.54,0.9
2011-11-17,0.0,154385.14,955.86,154385.14,0.0,1.54,0.9
2011-11-18,0.0,154385.14,955.86,154385.14,0.0,1.54,0.9
2011-11-21,0.0,154385.14,955.86,154385.14,0.0,1.54,0.9
2011-11-22,0.0,154385.14,955.86,154385.14,0.0,1.54,0.9
2011-11-23,0.0,154385.14,955.86,154385.14,0.0,1.54,0.9
2011-11-24,0.0,154385.14,955.86,154385.14,0.0,1.54,0.9
2011-11-25,0.0,154385.14,955.86,154385.14,0.0,1.54,0.9
2011-11-28,0.0,154385.14,955.86,154385.14,0.0,1.54,0.9
2011-11-29,0.0,154385.14,955.86,154385.14,0.0,1.54,0.9
2011-11-30,0.0,154385.14,955.86,154385.14,0.0,1.54,0.9
2011-12-01,0.0,154385.14,955.86,154385.14,0.0,1.54,0.9
2011-12-02,0.0,154385.14,955.86,154385.14,0.0,1.54,0.9
2011-12-05,0.0,154385.14,955.86,154385.14,0.0,1.54,0.9
2011-12-06,0.0,154385.14,955.86,154385.14,0.0,1.54,0.9
2011-12-07,0.0,154385.14,955.86,154385.14,0.0,1.54,0.9
2011-12-08,0.0,154385.14,955.86,154385.14,0.0,1.54,0.9
2011-12-09,0.0,154385.14,955.86,154385.14,0.0,1.54,0.9
2011-12-12,0.0,154385.14,955.86,154385.14,0.0,1.54,0.9
2011-12-13,0.0,154385.14,955.86,154385.14,0.0,1.54,0.9
2011-12-14,0.0,154385.14,955.86,154385.14,0.0,1.54,0.9
2011-12-15,0.0,154385.14,955.86,154385.14,0.0,1.54,0.9
2011-12-16,0.0,154385.14,955.86,154385.14,0.0,1.54,0.9
2011-12-19,0.0,154385.14,955.86,154385.14,0.0,1.54,0.9
2011-12-20,0.0,154385.14,955.86,154385.14,0.0,1.54,0.9
2011-12-21,0.0,154385.14,955.86,154385.14,0.0,1.54,0.9
2011-12-22,0.0,154385.14,955.86,154385.14,0.0,1.54,0.9
2011-12-23,0.0,154385.14,955.86,154385.14,0.0,1.54,0.9
2011-12-26,0.0,154385.14,955.86,154385.14,0.0,1.54,0.9
2011-12-27,0.0,154385.14,955.86,154385.14,0.0,1.54,0.9
2011-12-28,0.0,154385.14,955.86,154385.14,0.0,1.54,0.9
2011-12-30,0.0,154385.14,955.86,154385.14,0.0,1.54,0.9
2012-01-04,0.0,154385.14,955.86,154385.14,0.0,1.54,0.9
2012-01-05,0.0,154385.14,955.86,154385.14,0.0,1.54,0.9
2012-01-06,0.0,154385.14,955.86,154385.14,0.0,1.54,0.9
2012-01-09,0.0,154385.14,955.86,154385.14,0.0,1.54,0.9
2012-01-10,0.0,154385.14,955.86,154385.14,0.0,1.54,0.9
2012-01-11,0.0,154385.14,955.86,154385.14,0.0,1.54,0.9
2012-01-12,0.0,154385.14,955.86,154385.14,0.0,1.54,0.9
2012-01-13,0.0,154385.14,955.86,154385.14,0.0,1.54,0.9
2012-01-16,0.0,154385.14,955.86,154385.14,0.0,1.54,0.9
2012-01-17,0.0,154385.14,955.86,154385.14,0.0,1.54,0.9
2012-01-18,0.0,154385.14,955.86,154385.14,0.0,1.54,0.9
2012-01-19,0.0,154385.14,955.86,154385.14,0.0,1.54,0.9
2012-01-20,0.0,154385.14,955.86,154385.14,0.0,1.54,0.9
2012-01-30,0.0,154385.14,955.86,154385.14,0.0,1.54,0.9
2012-01-31,0.0,154385.14,955.86,154385.14,0.0,1.54,0.9
2012-02-01,0.0,154385.14,955.86,154385.14,0.0,1.54,0.9
2012-02-02,0.0,154385.14,955.86,154385.14,0.0,1.54,0.9
2012-02-03,0.0,154385.14,955.86,154385.14,0.0,1.54,0.9
2012-02-06,0.0,154385.14,955.86,154385.14,0.0,1.54,0.9
2012-02-07,0.0,154385.14,955.86,154385.14,0.0,1.54,0.9
2012-02-08,0.0,154385.14,955.86,154385.14,0.0,1.54,0.9
2012-02-09,0.0,154385.14,955.86,154385.14,0.0,1.54,0.9
2012-02-10,0.0,154385.14,955.86,154385.14,0.0,1.54,0.9
2012-02-13,0.0,154385.14,955.86,154385.14,0.0,1.54,0.9
2012-02-14,0.0,154385.14,955.86,154385.14,0.0,1.54,0.9
2012-02-15,0.0,154385.14,955.86,154385.14,0.0,1.54,0.9
2012-02-16,0.0,154385.14,955.86,154385.14,0.0,1.54,0.9
2012-02-17,0.0,154385.14,955.86,154385.14,0.0,1.54,0.9
2012-02-20,0.0,154385.14,955.86,154385.14,0.0,1.54,0.9
2012-02-21,0.0,154385.14,955.86,154385.14,0.0,1.54,0.9
2012-02-22,0.0,154385.14,955.86,154385.14,0.0,1.54,0.9
2012-02-23,0.0,154385.14,955.86,154385.14,0.0,1.54,0.9
2012-02-24,0.0,154385.14,955.86,154385.14,0.0,1.54,0.9
2012-02-27,0.0,154385.14,955.86,154385.14,0.0,1.54,0.9
2012-02-28,0.0,154385.14,955.86,154385.14,0.0,1.54,0.9
2012-02-29,0.0,154385.14,955.86,154385.14,0.0,1.54,0.9
2012-03-01,0.0,154385.14,955.86,154385.14,0.0,1.54,0.9
2012-03-02,0.0,154385.14,955.86,154385.14,0.0,1.54,0.9
2012-03-05,0.0,154385.14,955.86,154385.14,0.0,1.54,0.9
2012-03-06,0.0,154385.14,955.86,154385.14,0.0,1.54,0.9
2012-03-07,0.0,154385.14,955.86,154385.14,0.0,1.54,0.9
2012-03-08,0.0,154385.14,955.86,154385.14,0.0,1.54,0.9
2012-03-09,0.0,154385.14,955.86,154385.14,0.0,1.54,0.9
2012-03-12,0.0,154385.14,955.86,154385.14,0.0,1.54,0.9
2012-03-13,0.0,154385.14,955.86,154385.14,0.0,1.54,0.9
2012-03-14,0.0,154385.14,955.86,154385.14,0.0,1.54,0.9
2012-03-15,0.0,154385.14,955.86,154385.14,0.0,1.54,0.9
2012-03-16,0.0,154385.14,955.86,154385.14,0.0,1.54,0.9
2012-03-19,0.0,154385.14,955.86,154385.14,0.0,1.54,0.9
2012-03-20,0.0,154385.14,955.86,154385.14,0.0,1.54,0.9
2012-03-21,0.0,154385.14,955.86,154385.14,0.0,1.54,0.9
2012-03-22,0.0,154385.14,955.86,154385.14,0.0,1.54,0.9
2012-03-23,0.0,154385.14,955.86,154385.14,0.0,1.54,0.9
2012-03-26,0.0,154385.14,955.86,154385.14,0.0,1.54,0.9
2012-03-27,0.0,154385.14,955.86,154385.14,0.0,1.54,0.9
2012-03-28,0.0,154385.14,955.86,154385.14,0.0,1.54,0.9
2012-03-29,0.0,154385.14,955.86,154385.14,0.0,1.54,0.9
2012-03-30,0.0,154385.14,955.86,154385.14,0.0,1.54,0.9
2012-04-05,0.0,154385.14,955.86,154385.14,0.0,1.54,0.9
2012-04-06,0.0,154385.14,955.86,154385.14,0.0,1.54,0.9
2012-04-09,0.0,154385.14,955.86,154385.14,0.0,1.54,0.9
2012-04-10,0.0,154385.14,955.86,154385.14,0.0,1.54,0.9
2012-04-11,0.0,154385.14,955.86,154385.14,0.0,1.54,0.9
2012-04-12,0.0,154385.14,955.86,154385.14,0.0,1.54,0.9
2012-04-13,0.0,154385.14,955.86,154385.14,0.0,1.54,0.9
2012-04-16,0.0,154385.14,955.86,154385.14,0.0,1.54,0.9
2012-04-17,0.0,154385.14,955.86,154385.14,0.0,1.54,0.9
2012-04-18,0.0,154385.14,955.86,154385.14,0.0,1.54,0.9
2012-04-19,0.0,154385.14,955.86,154385.14,0.0,1.54,0.9
2012-04-20,0.0,154385.14,955.86,154385.14,0.0,1.54,0.9
2012-04-23,0.0,154385.14,955.86,154385.14,0.0,1.54,0.9
2012-04-24,0.0,154385.14,955.86,154385.14,0.0,1.54,0.9
2012-04-25,0.0,154385.14,955.86,154385.14,0.0,1.54,0.9
2012-04-26,0.0,154385.14,955.86,154385.14,0.0,1.54,0.9
2012-05-02,0.0,154385.14,955.86,154385.14,0.0,1.54,0.9
2012-05-03,0.0,154385.14,955.86,154385.14,0.0,1.54,0.9
2012-05-04,0.0,154385.14,955.86,154385.14,0.0,1.54,0.9
2012-05-07,0.0,154385.14,955.86,154385.14,0.0,1.54,0.9
2012-05-08,0.0,154385.14,955.86,154385.14,0.0,1.54,0.9
2012-05-09,0.0,154385.14,955.86,154385.14,0.0,1.54,0.9
2012-05-10,0.0,154385.14,955.86,154385.14,0.0,1.54,0.9
2012-05-11,0.0,154385.14,955.86,154385.14,0.0,1.54,0.9
2012-05-14,0.0,154385.14,955.86,154385.14,0.0,1.54,0.9
2012-05-15,0.0,154385.14,955.86,154385.14,0.0,1.54,0.9
2012-05-16,0.0,154385.14,955.86,154385.14,0.0,1.54,0.9
2012-05-17,0.0,154385.14,955.86,154385.14,0.0,1.54,0.9
2012-05-18,0.0,154385.14,955.86,154385.14,0.0,1.54,0.9
2012-05-21,0.0,154385.14,955.86,154385.14,0.0,1.54,0.9
2012-05-22,0.0,154385.14,955.86,154385.14,0.0,1.54,0.9
2012-05-23,0.0,154385.14,955.86,154385.14,0.0,1.54,0.9
2012-05-24,0.0,154385.14,955.86,154385.14,0.0,1.54,0.9
2012-05-25,0.0,154385.14,955.86,154385.14,0.0,1.54,0.9
2012-05-28,0.0,154385.14,955.86,154385.14,0.0,1.54,0.9
2012-05-29,0.0,154385.14,955.86,154385.14,0.0,1.54,0.9
2012-05-30,0.0,154385.14,955.86,154385.14,0.0,1.54,0.9
2012-05-31,0.0,154385.14,955.86,154385.14,0.0,1.54,0.9
2012-06-01,0.0,154385.14,955.86,154385.14,0.0,1.54,0.9
2012-06-04,0.0,154385.14,955.86,154385.14,0.0,1.54,0.9
2012-06-05,0.0,154385.14,955.86,154385.14,0.0,1.54,0.9
2012-06-06,0.0,154385.14,955.86,154385.14,0.0,1.54,0.9
2012-06-07,0.0,154385.14,955.86,154385.14,0.0,1.54,0.9
2012-06-08,0.0,154385.14,955.86,154385.14,0.0,1.54,0.9
2012-06-11,0.0,154385.14,955.86,154385.14,0.0,1.54,0.9
2012-06-12,0.0,154385.14,955.86,154385.14,0.0,1.54,0.9
2012-06-13,0.0,154385.14,955.86,154385.14,0.0,1.54,0.9
2012-06-14,0.0,154385.14,955.86,154385.14,0.0,1.54,0.9
2012-06-15,0.0,154385.14,955.86,154385.14,0.0,1.54,0.9
2012-06-18,0.0,154385.14,955.86,154385.14,0.0,1.54,0.9
2012-06-19,0.0,154385.14,955.86,154385.14,0.0,1.54,0.9
2012-06-20,0.0,154385.14,955.86,154385.14,0.0,1.54,0.9
2012-06-21,0.0,154385.14,955.86,154385.14,0.0,1.54,0.9
2012-06-25,0.0,154385.14,955.86,154385.14,0.0,1.54,0.9
2012-06-26,0.0,154385.14,955.86,154385.14,0.0,1.54,0.9
2012-06-27,0.0,154385.14,955.86,154385.14,0.0,1.54,0.9
2012-06-28,0.0,154385.14,955.86,154385.14,0.0,1.54,0.9
2012-06-29,0.0,154385.14,955.86,154385.14,0.0,1.54,0.9
2012-07-02,0.0,154385.14,955.86,154385.14,0.0,1.54,0.9
2012-07-03,0.0,154385.14,955.86,154385.14,0.0,1.54,0.9
2012-07-04,0.0,154385.14,955.86,154385.14,0.0,1.54,0.9
2012-07-05,0.0,154385.14,955.86,154385.14,0.0,1.54,0.9
2012-07-06,0.0,154385.14,955.86,154385.14,0.0,1.54,0.9
2012-07-09,0.0,154385.14,955.86,154385.14,0.0,1.54,0.9
2012-07-10,0.0,154385.14,955.86,154385.14,0.0,1.54,0.9
2012-07-11,0.0,154385.14,955.86,154385.14,0.0,1.54,0.9
2012-07-12,0.0,154385.14,955.86,154385.14,0.0,1.54,0.9
2012-07-13,0.0,154385.14,955.86,154385.14,0.0,1.54,0.9
2012-07-16,0.0,154385.14,955.86,154385.14,0.0,1.54,0.9
2012-07-17,0.0,154385.14,955.86,154385.14,0.0,1.54,0.9
2012-07-18,0.0,154385.14,955.86,154385.14,0.0,1.54,0.9
2012-07-19,0.0,154385.14,955.86,154385.14,0.0,1.54,0.9
2012-07-20,0.0,154385.14,955.86,154385.14,0.0,1.54,0.9
2012-07-23,0.0,154385.14,955.86,154385.14,0.0,1.54,0.9
2012-07-24,0.0,154385.14,955.86,154385.14,0.0,1.54,0.9
2012-07-25,0.0,154385.14,955.86,154385.14,0.0,1.54,0.9
2012-07-26,0.0,154385.14,955.86,154385.14,0.0,1.54,0.9
2012-07-27,0.0,154385.14,955.86,154385.14,0.0,1.54,0.9
2012-07-30,0.0,154385.14,955.86,154385.14,0.0,1.54,0.9
2012-07-31,0.0,154385.14,955.86,154385.14,0.0,1.54,0.9
2012-08-01,0.0,154385.14,955.86,154385.14,0.0,1.54,0.9
2012-08-02,0.0,154385.14,955.86,154385.14,0.0,1.54,0.9
2012-08-03,0.0,154385.14,955.86,154385.14,0.0,1.54,0.9
2012-08-06,0.0,154385.14,955.86,154385.14,0.0,1.54,0.9
2012-08-07,0.0,154385.14,955.86,154385.14,0.0,1.54,0.9
2012-08-08,0.0,154385.14,955.86,154385.14,0.0,1.54,0.9
2012-08-09,0.0,154385.14,955.86,154385.14,0.0,1.54,0.9
2012-08-24,0.0,154385.14,955.86,154385.14,0.0,1.54,0.9
2012-08-27,0.0,154385.14,955.86,154385.14,0.0,1.54,0.9
2012-08-28,0.0,154385.14,955.86,154385.14,0.0,1.54,0.9
2012-08-29,0.0,154385.14,955.86,154385.14,0.0,1.54,0.9
2012-08-30,0.0,154385.14,955.86,154385.14,0.0,1.54,0.9
2012-08-31,0.0,154385.14,955.86,154385.14,0.0,1.54,0.9
2012-09-03,0.0,154385.14,955.86,154385.14,0.0,1.54,0.9
2012-09-04,0.0,154385.14,955.86,154385.14,0.0,1.54,0.9
2012-09-05,0.0,154385.14,955.86,154385.14,0.0,1.54,0.9
2012-09-06,0.0,154385.14,955.86,154385.14,0.0,1.54,0.9
2012-09-07,0.0,154385.14,955.86,154385.14,0.0,1.54,0.9
2012-09-10,0.0,154385.14,955.86,154385.14,0.0,1.54,0.9
2012-09-11,147840.0,-355.01,1460.01,147484.99,-0.04,1.47,0.97
2012-09-12,147840.0,-355.01,1460.01,147484.99,0.0,1.47,0.97
2012-09-13,145363.5,-355.01,1460.01,145008.49,-0.02,1.45,1.0
2012-09-14,147531.0,-355.01,1460.01,147175.99,0.01,1.47,0.97
2012-09-17,142165.5,-355.01,1460.01,141810.49,-0.04,1.42,1.03
2012-09-18,140566.5,-355.01,1460.01,140211.49,-0.01,1.4,1.04
2012-09-19,144538.5,-355.01,1460.01,144183.49,0.03,1.44,1.0
2012-09-20,143301.0,-355.01,1460.01,142945.99,-0.01,1.43,1.02
2012-09-21,143661.0,-355.01,1460.01,143305.99,0.0,1.43,1.01
2012-09-24,149542.5,-355.01,1460.01,149187.49,0.04,1.49,0.95
2012-09-25,143610.0,-355.01,1460.01,143254.99,-0.04,1.43,1.01
2012-09-26,137730.0,-355.01,1460.01,137374.99,-0.04,1.37,1.07
2012-09-27,143661.0,-355.01,1460.01,143305.99,0.04,1.43,1.01
2012-09-28,146602.5,-355.01,1460.01,146247.49,0.02,1.46,0.98
2012-10-08,148510.5,-355.01,1460.01,148155.49,0.01,1.48,0.96
2012-10-09,152431.5,-355.01,1460.01,152076.49,0.03,1.52,0.93
2012-10-10,154701.0,-355.01,1460.01,154345.99,0.01,1.54,0.9
2012-10-11,155887.5,-355.01,1460.01,155532.49,0.01,1.56,0.89
2012-10-12,153256.5,-355.01,1460.01,152901.49,-0.02,1.53,0.92
2012-10-15,153204.0,-355.01,1460.01,152848.99,-0.0,1.53,0.92
2012-10-16,150367.5,-355.01,1460.01,150012.49,-0.02,1.5,0.95
2012-10-17,148923.0,-355.01,1460.01,148567.99,-0.01,1.49,0.96
2012-10-18,153153.0,-355.01,1460.01,152797.99,0.03,1.53,0.92
2012-10-19,151605.0,-355.01,1460.01,151249.99,-0.01,1.51,0.93
2012-10-22,152121.0,-355.01,1460.01,151765.99,0.0,1.52,0.93
2012-10-23,150729.0,-355.01,1460.01,150373.99,-0.01,1.5,0.94
2012-10-24,148561.5,-355.01,1460.01,148206.49,-0.01,1.48,0.96
2012-10-25,144384.0,-355.01,1460.01,144028.99,-0.03,1.44,1.01
2012-10-26,142269.0,-355.01,1460.01,141913.99,-0.01,1.42,1.03
2012-10-29,143817.0,-355.01,1460.01,143461.99,0.01,1.43,1.01
2012-10-30,144435.0,-355.01,1460.01,144079.99,0.0,1.44,1.01
2012-10-31,144331.5,-355.01,1460.01,143976.49,-0.0,1.44,1.01
2012-11-01,146344.5,-355.01,1460.01,145989.49,0.01,1.46,0.99
2012-11-02,152379.0,-355.01,1460.01,152023.99,0.04,1.52,0.93
2012-11-05,157537.5,-355.01,1460.01,157182.49,0.03,1.57,0.87
2012-11-06,156145.5,-355.01,1460.01,155790.49,-0.01,1.56,0.89
2012-11-07,157279.5,-355.01,1460.01,156924.49,0.01,1.57,0.88
2012-11-08,150160.5,-355.01,1460.01,149805.49,-0.05,1.5,0.95
2012-11-09,148510.5,-355.01,1460.01,148155.49,-0.01,1.48,0.96
2012-11-12,148561.5,-355.01,1460.01,148206.49,0.0,1.48,0.96
2012-11-13,145467.0,-355.01,1460.01,145111.99,-0.02,1.45,0.99
2012-11-14,145312.5,-355.01,1460.01,144957.49,-0.0,1.45,1.0
2012-11-15,144642.0,-355.01,1460.01,144286.99,-0.0,1.44,1.0
2012-11-16,142888.5,-355.01,1460.01,142533.49,-0.01,1.43,1.02
2012-11-19,141186.0,-355.01,1460.01,140830.99,-0.01,1.41,1.04
2012-11-20,144384.0,-355.01,1460.01,144028.99,0.02,1.44,1.01
2012-11-21,144331.5,-355.01,1460.01,143976.49,-0.0,1.44,1.01
2012-11-22,140205.0,-355.01,1460.01,139849.99,-0.03,1.4,1.05
2012-11-23,139689.0,-355.01,1460.01,139333.99,-0.0,1.39,1.05
2012-11-26,131539.5,-355.01,1460.01,131184.49,-0.06,1.31,1.13
2012-11-27,124833.0,-355.01,1460.01,124477.99,-0.05,1.24,1.2
2012-11-28,125349.0,-355.01,1460.01,124993.99,0.0,1.25,1.2
2012-11-29,125091.0,-355.01,1460.01,124735.99,-0.0,1.25,1.2
2012-11-30,125658.0,-355.01,1460.01,125302.99,0.0,1.25,1.19
2012-12-03,126174.0,-355.01,1460.01,125818.99,0.0,1.26,1.19
2012-12-04,127515.0,-355.01,1460.01,127159.99,0.01,1.27,1.17
2012-12-05,133396.5,-355.01,1460.01,133041.49,0.05,1.33,1.12
2012-12-06,134737.5,-355.01,1460.01,134382.49,0.01,1.34,1.1
2012-12-07,135562.5,-355.01,1460.01,135207.49,0.01,1.35,1.09
2012-12-10,137161.5,-355.01,1460.01,136806.49,0.01,1.37,1.08
2012-12-11,134118.0,-355.01,1460.01,133762.99,-0.02,1.34,1.11
2012-12-12,131023.5,-355.01,1460.01,130668.49,-0.02,1.31,1.14
2012-12-13,132726.0,-355.01,1460.01,132370.99,0.01,1.32,1.12
2012-12-14,137832.0,-355.01,1460.01,137476.99,0.04,1.37,1.07
2012-12-17,135150.0,-355.01,1460.01,134794.99,-0.02,1.35,1.1
2012-12-18,132571.5,-355.01,1460.01,132216.49,-0.02,1.32,1.12
2012-12-19,139999.5,-355.01,1460.01,139644.49,0.06,1.4,1.05
2012-12-20,139225.5,-355.01,1460.01,138870.49,-0.01,1.39,1.06
2012-12-21,143043.0,-355.01,1460.01,142687.99,0.03,1.43,1.02
2012-12-24,146602.5,-355.01,1460.01,146247.49,0.02,1.46,0.98
2012-12-25,146653.5,-355.01,1460.01,146298.49,0.0,1.46,0.98
2012-12-26,148510.5,-355.01,1460.01,148155.49,0.01,1.48,0.96
2012-12-27,150367.5,-355.01,1460.01,150012.49,0.01,1.5,0.95
2012-12-28,152998.5,-355.01,1460.01,152643.49,0.02,1.53,0.92
2012-12-31,156300.0,-355.01,1460.01,155944.99,0.02,1.56,0.89
2013-01-04,148356.0,-355.01,1460.01,148000.99,-0.05,1.48,0.97
2013-01-07,149077.5,-355.01,1460.01,148722.49,0.0,1.49,0.96
2013-01-08,154030.5,-355.01,1460.01,153675.49,0.03,1.54,0.91
2013-01-09,157744.5,-355.01,1460.01,157389.49,0.02,1.57,0.87
2013-01-10,155526.0,-355.01,1460.01,155170.99,-0.01,1.55,0.89
2013-01-11,151657.5,-355.01,1460.01,151302.49,-0.02,1.51,0.93
2013-01-14,155784.0,-355.01,1460.01,155428.99,0.03,1.55,0.89
2013-01-15,159291.0,-355.01,1460.01,158935.99,0.02,1.59,0.86
2013-01-16,161148.0,-355.01,1460.01,160792.99,0.01,1.61,0.84
2013-01-17,155989.5,-355.01,1460.01,155634.49,-0.03,1.56,0.89
2013-01-18,156145.5,-355.01,1460.01,155790.49,0.0,1.56,0.89
2013-01-21,155319.0,-355.01,1460.01,154963.99,-0.01,1.55,0.9
2013-01-22,153720.0,-355.01,1460.01,153364.99,-0.01,1.53,0.91
2013-01-23,152688.0,-355.01,1460.01,152332.99,-0.01,1.52,0.92
2013-01-24,149593.5,-355.01,1460.01,149238.49,-0.02,1.49,0.95
2013-01-25,149439.0,-355.01,1460.01,149083.99,-0.0,1.49,0.96
2013-01-28,153720.0,-355.01,1460.01,153364.99,0.03,1.53,0.91
2013-01-29,150522.0,-355.01,1460.01,150166.99,-0.02,1.5,0.94
2013-01-30,147273.0,-355.01,1460.01,146917.99,-0.02,1.47,0.98
2013-01-31,146188.5,-355.01,1460.01,145833.49,-0.01,1.46,0.99
2013-02-01,150883.5,-355.01,1460.01,150528.49,0.03,1.51,0.94
2013-02-04,146499.0,-355.01,1460.01,146143.99,-0.03,1.46,0.98
2013-02-05,153927.0,-355.01,1460.01,153571.99,0.05,1.54,0.91
2013-02-06,155526.0,-355.01,1460.01,155170.99,0.01,1.55,0.89
2013-02-07,171103.5,-355.01,1460.01,170748.49,0.1,1.71,0.74
2013-02-08,180028.5,-355.01,1460.01,179673.49,0.05,1.8,0.65
2013-02-18,180544.5,-355.01,1460.01,180189.49,0.0,1.8,0.64
2013-02-19,174870.0,-355.01,1460.01,174514.99,-0.03,1.75,0.7
2013-02-20,177243.0,-355.01,1460.01,176887.99,0.01,1.77,0.68
2013-02-21,177964.5,-355.01,1460.01,177609.49,0.0,1.78,0.67
2013-02-22,171775.5,-355.01,1460.01,171420.49,-0.03,1.71,0.73
2013-02-25,171103.5,-355.01,1460.01,170748.49,-0.0,1.71,0.74
2013-02-26,170124.0,-355.01,1460.01,169768.99,-0.01,1.7,0.75
2013-02-27,169092.0,-355.01,1460.01,168736.99,-0.01,1.69,0.76
2013-02-28,174147.0,-355.01,1460.01,173791.99,0.03,1.74,0.71
2013-03-01,178789.5,-355.01,1460.01,178434.49,0.03,1.78,0.66
2013-03-04,170691.0,-355.01,1460.01,170335.99,-0.05,1.7,0.74
2013-03-05,176160.0,-355.01,1460.01,175804.99,0.03,1.76,0.69
2013-03-06,181420.5,-355.01,1460.01,181065.49,0.03,1.81,0.64
2013-03-07,182761.5,-355.01,1460.01,182406.49,0.01,1.82,0.62
2013-03-08,175128.0,-355.01,1460.01,174772.99,-0.04,1.75,0.7
2013-03-11,175386.0,-355.01,1460.01,175030.99,0.0,1.75,0.7
2013-03-12,168937.5,-355.01,1460.01,168582.49,-0.04,1.69,0.76
2013-03-13,165172.5,-355.01,1460.01,164817.49,-0.02,1.65,0.8
2013-03-14,166203.0,-355.01,1460.01,165847.99,0.01,1.66,0.79
2013-03-15,167133.0,-355.01,1460.01,166777.99,0.01,1.67,0.78
2013-03-18,164553.0,-355.01,1460.01,164197.99,-0.02,1.64,0.8
2013-03-19,168163.5,-355.01,1460.01,167808.49,0.02,1.68,0.77
2013-03-20,174612.0,-355.01,1460.01,174256.99,0.04,1.74,0.7
2013-03-21,176985.0,-355.01,1460.01,176629.99,0.01,1.77,0.68
2013-03-22,177139.5,-355.01,1460.01,176784.49,0.0,1.77,0.68
2013-03-25,183123.0,-355.01,1460.01,182767.99,0.03,1.83,0.62
2013-03-26,185703.0,-355.01,1460.01,185347.99,0.01,1.85,0.59
2013-03-27,188488.5,-355.01,1460.01,188133.49,0.02,1.88,0.56
2013-03-28,180183.0,-355.01,1460.01,179827.99,-0.04,1.8,0.65
2013-03-29,186063.0,-355.01,1460.01,185707.99,0.03,1.86,0.59
2013-04-01,184618.5,-355.01,1460.01,184263.49,-0.01,1.84,0.6
2013-04-02,177552.0,-355.01,1460.01,177196.99,-0.04,1.77,0.67
2013-04-03,181833.0,-355.01,1460.01,181477.99,0.02,1.81,0.63
2013-04-08,194472.0,-355.01,1460.01,194116.99,0.07,1.94,0.5
2013-04-09,195504.0,-355.01,1460.01,195148.99,0.01,1.95,0.49
2013-04-10,189313.5,-355.01,1460.01,188958.49,-0.03,1.89,0.56
2013-04-11,183484.5,-355.01,1460.01,183129.49,-0.03,1.83,0.61
2013-04-12,182659.5,-355.01,1460.01,182304.49,-0.0,1.82,0.62
2013-04-15,182091.0,-355.01,1460.01,181735.99,-0.0,1.82,0.63
2013-04-16,187198.5,-355.01,1460.01,186843.49,0.03,1.87,0.58
2013-04-17,191376.0,-355.01,1460.01,191020.99,0.02,1.91,0.54
2013-04-18,189829.5,-355.01,1460.01,189474.49,-0.01,1.89,0.55
2013-04-19,190861.5,-355.01,1460.01,190506.49,0.01,1.91,0.54
2013-04-22,195864.0,-355.01,1460.01,195508.99,0.03,1.96,0.49
2013-04-23,191376.0,-355.01,1460.01,191020.99,-0.02,1.91,0.54
2013-04-24,201177.0,-355.01,1460.01,200821.99,0.05,2.01,0.44
2013-04-25,196020.0,-355.01,1460.01,195664.99,-0.03,1.96,0.49
2013-04-26,193182.0,-355.01,1460.01,192826.99,-0.01,1.93,0.52
2013-05-02,194884.5,-355.01,1460.01,194529.49,0.01,1.95,0.5
2013-05-03,195142.5,-355.01,1460.01,194787.49,0.0,1.95,0.5
2013-05-06,201177.0,-355.01,1460.01,200821.99,0.03,2.01,0.44
2013-05-07,205768.5,-355.01,1460.01,205413.49,0.02,2.05,0.39
2013-05-08,203808.0,-355.01,1460.01,203452.99,-0.01,2.03,0.41
2013-05-09,207522.0,-355.01,1460.01,207166.99,0.02,2.07,0.37
2013-05-10,201693.0,-355.01,1460.01,201337.99,-0.03,2.01,0.43
2013-05-13,203241.0,-355.01,1460.01,202885.99,0.01,2.03,0.42
2013-05-14,200248.5,-355.01,1460.01,199893.49,-0.01,2.0,0.45
2013-05-15,205872.0,-355.01,1460.01,205516.99,0.03,2.06,0.39
2013-05-16,200248.5,-355.01,1460.01,199893.49,-0.03,2.0,0.45
2013-05-17,201951.0,-355.01,1460.01,201595.99,0.01,2.02,0.43
2013-05-20,204789.0,-355.01,1460.01,204433.99,0.01,2.04,0.4
2013-05-21,213042.0,-355.01,1460.01,212686.99,0.04,2.13,0.32
2013-05-22,207109.5,-355.01,1460.01,206754.49,-0.03,2.07,0.38
2013-05-23,204736.5,-355.01,1460.01,204381.49,-0.01,2.04,0.4
2013-05-24,211288.5,-355.01,1460.01,210933.49,0.03,2.11,0.34
2013-05-27,213661.5,-355.01,1460.01,213306.49,0.01,2.13,0.31
2013-05-28,212991.0,-355.01,1460.01,212635.99,-0.0,2.13,0.32
2013-05-29,217479.0,-355.01,1460.01,217123.99,0.02,2.17,0.27
2013-05-30,236254.5,-355.01,1460.01,235899.49,0.09,2.36,0.09
2013-05-31,236461.5,-355.01,1460.01,236106.49,0.0,2.36,0.08
2013-06-03,227847.0,-355.01,1460.01,227491.99,-0.04,2.27,0.17
2013-06-04,217735.5,-355.01,1460.01,217380.49,-0.04,2.17,0.27
2013-06-05,225732.0,-355.01,1460.01,225376.99,0.04,2.25,0.19
2013-06-06,225937.5,-355.01,1460.01,225582.49,0.0,2.26,0.19
2013-06-07,229188.0,-355.01,1460.01,228832.99,0.01,2.29,0.16
2013-06-13,222997.5,-355.01,1460.01,222642.49,-0.03,2.23,0.22
2013-06-14,245281.5,-355.01,1460.01,244926.49,0.1,2.45,0.0
2013-06-17,242496.0,-355.01,1460.01,242140.99,-0.01,2.42,0.03
2013-06-18,246004.5,-355.01,1460.01,245649.49,0.01,2.46,0.0
2013-06-19,240381.0,-355.01,1460.01,240025.99,-0.02,2.4,0.06
2013-06-20,235687.5,-355.01,1460.01,235332.49,-0.02,2.35,0.1
2013-06-21,238627.5,-355.01,1460.01,238272.49,0.01,2.38,0.07
2013-06-24,226918.5,-355.01,1460.01,226563.49,-0.05,2.27,0.19
2013-06-25,227331.0,-355.01,1460.01,226975.99,0.0,2.27,0.19
2013-06-26,250080.0,-355.01,1460.01,249724.99,0.1,2.5,0.0
2013-06-27,241000.5,-355.01,1460.01,240645.49,-0.04,2.41,0.09
2013-06-28,238318.5,-355.01,1460.01,237963.49,-0.01,2.38,0.12
2013-07-01,253690.5,-355.01,1460.01,253335.49,0.06,2.53,0.0
2013-07-02,253638.0,-355.01,1460.01,253282.99,-0.0,2.53,0.0
2013-07-03,259983.0,-355.01,1460.01,259627.99,0.03,2.6,0.0
2013-07-04,256888.5,-355.01,1460.01,256533.49,-0.01,2.57,0.03
2013-07-05,248893.5,-355.01,1460.01,248538.49,-0.03,2.49,0.11
2013-07-08,249666.0,-355.01,1460.01,249310.99,0.0,2.49,0.1
2013-07-09,252709.5,-355.01,1460.01,252354.49,0.01,2.52,0.07
2013-07-10,260344.5,-355.01,1460.01,259989.49,0.03,2.6,0.0
2013-07-11,265657.5,-355.01,1460.01,265302.49,0.02,2.65,0.0
2013-07-12,267153.0,-355.01,1460.01,266797.99,0.01,2.67,0.0
2013-07-15,288045.0,-355.01,1460.01,287689.99,0.08,2.88,0.0
2013-07-16,289231.5,-355.01,1460.01,288876.49,0.0,2.89,0.0
2013-07-17,292120.5,-355.01,1460.01,291765.49,0.01,2.92,0.0
2013-07-18,304656.0,-355.01,1460.01,304300.99,0.04,3.04,0.0
2013-07-19,293926.5,-355.01,1460.01,293571.49,-0.04,2.94,0.11
2013-07-22,296608.5,-355.01,1460.01,296253.49,0.01,2.96,0.08
2013-07-23,304810.5,-355.01,1460.01,304455.49,0.03,3.04,0.0
2013-07-24,322657.5,-355.01,1460.01,322302.49,0.06,3.22,0.0
2013-07-25,300528.0,-355.01,1460.01,300172.99,-0.07,3.0,0.22
2013-07-26,314611.5,-355.01,1460.01,314256.49,0.05,3.14,0.08
2013-07-29,302334.0,-355.01,1460.01,301978.99,-0.04,3.02,0.2
2013-07-30,284640.0,-355.01,1460.01,284284.99,-0.06,2.84,0.38
2013-07-31,279069.0,-355.01,1460.01,278713.99,-0.02,2.79,0.44
2013-08-01,293874.0,-355.01,1460.01,293518.99,0.05,2.94,0.29
2013-08-02,297124.5,-355.01,1460.01,296769.49,0.01,2.97,0.26
2013-08-05,302695.5,-355.01,1460.01,302340.49,0.02,3.02,0.2
2013-08-06,300115.5,-355.01,1460.01,299760.49,-0.01,3.0,0.23
2013-08-07,281649.0,-355.01,1460.01,281293.99,-0.06,2.81,0.41
2013-08-08,287736.0,-355.01,1460.01,287380.99,0.02,2.87,0.35
2013-08-09,276903.0,-355.01,1460.01,276547.99,-0.04,2.77,0.46
2013-08-12,264109.5,-355.01,1460.01,263754.49,-0.05,2.64,0.59
2013-08-13,263955.0,-355.01,1460.01,263599.99,-0.0,2.64,0.59
2013-08-14,266793.0,-355.01,1460.01,266437.99,0.01,2.66,0.56
2013-08-15,269371.5,-355.01,1460.01,269016.49,0.01,2.69,0.53
2013-08-16,246778.5,-355.01,1460.01,246423.49,-0.08,2.46,0.76
2013-08-19,249666.0,-355.01,1460.01,249310.99,0.01,2.49,0.73
2013-08-20,240123.0,-355.01,1460.01,239767.99,-0.04,2.4,0.83
2013-08-21,238834.5,-355.01,1460.01,238479.49,-0.01,2.38,0.84
2013-08-22,248532.0,-355.01,1460.01,248176.99,0.04,2.48,0.74
2013-08-23,251472.0,-355.01,1460.01,251116.99,0.01,2.51,0.71
2013-08-26,252195.0,-355.01,1460.01,251839.99,0.0,2.52,0.7
2013-08-27,246880.5,-355.01,1460.01,246525.49,-0.02,2.47,0.76
2013-08-28,258436.5,-355.01,1460.01,258081.49,0.05,2.58,0.64
2013-08-29,254052.0,-355.01,1460.01,253696.99,-0.02,2.54,0.69
2013-08-30,241309.5,-355.01,1460.01,240954.49,-0.05,2.41,0.81
2013-09-02,240742.5,-355.01,1460.01,240387.49,-0.0,2.4,0.82
2013-09-03,245488.5,-355.01,1460.01,245133.49,0.02,2.45,0.77
2013-09-04,240226.5,-355.01,1460.01,239871.49,-0.02,2.4,0.82
2013-09-05,253123.5,-355.01,1460.01,252768.49,0.05,2.53,0.7
2013-09-06,256218.0,-355.01,1460.01,255862.99,0.01,2.56,0.66
2013-09-09,255135.0,-355.01,1460.01,254779.99,-0.0,2.55,0.68
2013-09-10,249960.0,-355.01,1460.01,249604.99,-0.02,2.5,0.73
2013-09-11,229057.5,-355.01,1460.01,228702.49,-0.08,2.29,0.94
2013-09-12,234387.0,-355.01,1460.01,234031.99,0.02,2.34,0.88
2013-09-13,233662.5,-355.01,1460.01,233307.49,-0.0,2.33,0.89
2013-09-16,235162.5,-355.01,1460.01,234807.49,0.01,2.35,0.87
2013-09-17,236973.0,-355.01,1460.01,236617.99,0.01,2.37,0.86
2013-09-18,234852.0,-355.01,1460.01,234496.99,-0.01,2.34,0.88
2013-09-23,249856.5,-355.01,1460.01,249501.49,0.06,2.5,0.73
2013-09-24,254254.5,-355.01,1460.01,253899.49,0.02,2.54,0.68
2013-09-25,255342.0,-355.01,1460.01,254986.99,0.0,2.55,0.67
2013-09-26,252651.0,-355.01,1460.01,252295.99,-0.01,2.52,0.7
2013-09-27,248409.0,-355.01,1460.01,248053.99,-0.02,2.48,0.74
2013-09-30,246390.0,-355.01,1460.01,246034.99,-0.01,2.46,0.76
2013-10-08,267294.0,-355.01,1460.01,266938.99,0.08,2.67,0.55
2013-10-09,269778.0,-355.01,1460.01,269422.99,0.01,2.69,0.53
2013-10-10,269829.0,-355.01,1460.01,269473.99,0.0,2.69,0.53
2013-10-11,271122.0,-355.01,1460.01,270766.99,0.0,2.71,0.52
2013-10-14,265173.0,-355.01,1460.01,264817.99,-0.02,2.65,0.57
2013-10-15,256377.0,-355.01,1460.01,256021.99,-0.03,2.56,0.66
2013-10-16,257670.0,-355.01,1460.01,257314.99,0.01,2.57,0.65
2013-10-17,243958.5,-355.01,1460.01,243603.49,-0.05,2.44,0.79
2013-10-18,242458.5,-355.01,1460.01,242103.49,-0.01,2.42,0.8
2013-10-21,252807.0,-355.01,1460.01,252451.99,0.04,2.52,0.7
2013-10-22,231954.0,-355.01,1460.01,231598.99,-0.08,2.32,0.91
2013-10-23,221347.5,-355.01,1460.01,220992.49,-0.05,2.21,1.01
2013-10-24,225280.5,-355.01,1460.01,224925.49,0.02,2.25,0.97
2013-10-25,218295.0,-355.01,1460.01,217939.99,-0.03,2.18,1.04
2013-10-28,229005.0,-355.01,1460.01,228649.99,0.05,2.29,0.94
2013-10-29,232731.0,-355.01,1460.01,232375.99,0.02,2.32,0.9
2013-10-30,233299.5,-355.01,1460.01,232944.49,0.0,2.33,0.89
2013-10-31,225591.0,-355.01,1460.01,225235.99,-0.03,2.25,0.97
2013-11-01,222279.0,-355.01,1460.01,221923.99,-0.01,2.22,1.0
2013-11-04,227919.0,-355.01,1460.01,227563.99,0.03,2.28,0.95
2013-11-05,232575.0,-355.01,1460.01,232219.99,0.02,2.32,0.9
2013-11-06,226833.0,-355.01,1460.01,226477.99,-0.02,2.26,0.96
2013-11-07,221761.5,-355.01,1460.01,221406.49,-0.02,2.21,1.01
2013-11-08,218863.5,-355.01,1460.01,218508.49,-0.01,2.19,1.04
2013-11-11,220726.5,-355.01,1460.01,220371.49,0.01,2.2,1.02
2013-11-12,221814.0,-355.01,1460.01,221458.99,0.0,2.21,1.01
2013-11-13,219381.0,-355.01,1460.01,219025.99,-0.01,2.19,1.03
2013-11-14,223986.0,-355.01,1460.01,223630.99,0.02,2.24,0.99
2013-11-15,227608.5,-355.01,1460.01,227253.49,0.02,2.27,0.95
2013-11-18,231540.0,-355.01,1460.01,231184.99,0.02,2.31,0.91
2013-11-19,230764.5,-355.01,1460.01,230409.49,-0.0,2.3,0.92
2013-11-20,231489.0,-355.01,1460.01,231133.99,0.0,2.31,0.91
2013-11-21,232834.5,-355.01,1460.01,232479.49,0.01,2.32,0.9
2013-11-22,227659.5,-355.01,1460.01,227304.49,-0.02,2.27,0.95
2013-11-25,229368.0,-355.01,1460.01,229012.99,0.01,2.29,0.93
2013-11-26,241527.0,-355.01,1460.01,241171.99,0.05,2.41,0.81
2013-11-27,241474.5,-355.01,1460.01,241119.49,-0.0,2.41,0.81
2013-11-28,238939.5,-355.01,1460.01,238584.49,-0.01,2.39,0.84
2013-11-29,242044.5,-355.01,1460.01,241689.49,0.01,2.42,0.81
2013-12-02,243597.0,-355.01,1460.01,243241.99,0.01,2.43,0.79
2013-12-03,246235.5,-355.01,1460.01,245880.49,0.01,2.46,0.76
2013-12-04,246700.5,-355.01,1460.01,246345.49,0.0,2.46,0.76
2013-12-05,239509.5,-355.01,1460.01,239154.49,-0.03,2.39,0.83
2013-12-06,234904.5,-355.01,1460.01,234549.49,-0.02,2.35,0.88
2013-12-09,238888.5,-355.01,1460.01,238533.49,0.02,2.39,0.84
2013-12-10,244165.5,-355.01,1460.01,243810.49,0.02,2.44,0.78
2013-12-11,250530.0,-355.01,1460.01,250174.99,0.03,2.5,0.72
2013-12-12,252651.0,-355.01,1460.01,252295.99,0.01,2.52,0.7
2013-12-13,254100.0,-355.01,1460.01,253744.99,0.01,2.54,0.69
2013-12-16,243958.5,-355.01,1460.01,243603.49,-0.04,2.44,0.79
2013-12-17,245769.0,-355.01,1460.01,245413.99,0.01,2.45,0.77
2013-12-18,246339.0,-355.01,1460.01,245983.99,0.0,2.46,0.76
2013-12-19,241630.5,-355.01,1460.01,241275.49,-0.02,2.41,0.81
2013-12-20,234748.5,-355.01,1460.01,234393.49,-0.03,2.34,0.88
2013-12-23,236662.5,-355.01,1460.01,236307.49,0.01,2.36,0.86
2013-12-24,239302.5,-355.01,1460.01,238947.49,0.01,2.39,0.83
2013-12-25,243286.5,-355.01,1460.01,242931.49,0.02,2.43,0.79
2013-12-26,239664.0,-355.01,1460.01,239308.99,-0.01,2.39,0.83
2013-12-27,243958.5,-355.01,1460.01,243603.49,0.02,2.44,0.79
2013-12-30,243337.5,-355.01,1460.01,242982.49,-0.0,2.43,0.79
2013-12-31,247581.0,-355.01,1460.01,247225.99,0.02,2.47,0.75
2014-01-02,248718.0,-355.01,1460.01,248362.99,0.0,2.48,0.74
2014-01-03,243441.0,-355.01,1460.01,243085.99,-0.02,2.43,0.79
2014-01-06,233455.5,-355.01,1460.01,233100.49,-0.04,2.33,0.89
2014-01-07,233248.5,-355.01,1460.01,232893.49,-0.0,2.33,0.89
2014-01-08,235111.5,-355.01,1460.01,234756.49,0.01,2.35,0.88
2014-01-09,235008.0,-355.01,1460.01,234652.99,-0.0,2.35,0.88
2014-01-10,235162.5,-355.01,1460.01,234807.49,0.0,2.35,0.87
2014-01-13,235576.5,-355.01,1460.01,235221.49,0.0,2.35,0.87
2014-01-14,249598.5,-355.01,1460.01,249243.49,0.06,2.49,0.73
2014-01-15,252496.5,-355.01,1460.01,252141.49,0.01,2.52,0.7
2014-01-16,248356.5,-355.01,1460.01,248001.49,-0.02,2.48,0.74
2014-01-17,256014.0,-355.01,1460.01,255658.99,0.03,2.56,0.67
2014-01-20,256687.5,-355.01,1460.01,256332.49,0.0,2.56,0.66
2014-01-21,258342.0,-355.01,1460.01,257986.99,0.01,2.58,0.64
2014-01-22,259170.0,-355.01,1460.01,258814.99,0.0,2.59,0.63
2014-01-23,259066.5,-355.01,1460.01,258711.49,-0.0,2.59,0.64
2014-01-24,259998.0,-355.01,1460.01,259642.99,0.0,2.6,0.63
2014-01-27,252444.0,-355.01,1460.01,252088.99,-0.03,2.52,0.7
2014-01-28,251772.0,-355.01,1460.01,251416.99,-0.0,2.51,0.71
2014-01-29,276969.0,-355.01,1460.01,276613.99,0.1,2.77,0.46
2014-01-30,280953.0,-355.01,1460.01,280597.99,0.01,2.81,0.42
2014-02-07,284575.5,-355.01,1460.01,284220.49,0.01,2.84,0.38
2014-02-10,284058.0,-355.01,1460.01,283702.99,-0.0,2.84,0.39
2014-02-11,279918.0,-355.01,1460.01,279562.99,-0.01,2.8,0.43
2014-02-12,285868.5,-355.01,1460.01,285513.49,0.02,2.86,0.37
2014-02-13,275365.5,-355.01,1460.01,275010.49,-0.04,2.75,0.47
2014-02-14,276244.5,-355.01,1460.01,275889.49,0.0,2.76,0.46
2014-02-17,283540.5,-355.01,1460.01,283185.49,0.03,2.83,0.39
2014-02-18,281316.0,-355.01,1460.01,280960.99,-0.01,2.81,0.41
2014-02-19,273709.5,-355.01,1460.01,273354.49,-0.03,2.73,0.49
2014-02-20,291766.5,-355.01,1460.01,291411.49,0.07,2.91,0.31
2014-02-21,285403.5,-355.01,1460.01,285048.49,-0.02,2.85,0.37
2014-02-24,280746.0,-355.01,1460.01,280390.99,-0.02,2.8,0.42
2014-02-25,265896.0,-355.01,1460.01,265540.99,-0.05,2.66,0.57
2014-02-26,261447.0,-355.01,1460.01,261091.99,-0.02,2.61,0.61
2014-02-27,257928.0,-355.01,1460.01,257572.99,-0.01,2.58,0.65
2014-02-28,261240.0,-355.01,1460.01,260884.99,0.01,2.61,0.61
2014-03-03,265069.5,-355.01,1460.01,264714.49,0.01,2.65,0.58
2014-03-04,266155.5,-355.01,1460.01,265800.49,0.0,2.66,0.57
2014-03-05,263620.5,-355.01,1460.01,263265.49,-0.01,2.63,0.59
2014-03-06,266413.5,-355.01,1460.01,266058.49,0.01,2.66,0.56
2014-03-07,259222.5,-355.01,1460.01,258867.49,-0.03,2.59,0.63
2014-03-10,242458.5,-355.01,1460.01,242103.49,-0.06,2.42,0.8
2014-03-11,241267.5,-355.01,1460.01,240912.49,-0.0,2.41,0.81
2014-03-12,232627.5,-355.01,1460.01,232272.49,-0.04,2.32,0.9
2014-03-13,236715.0,-355.01,1460.01,236359.99,0.02,2.36,0.86
2014-03-14,242976.0,-355.01,1460.01,242620.99,0.03,2.43,0.8
2014-03-17,245976.0,-355.01,1460.01,245620.99,0.01,2.46,0.77
2014-03-18,244476.0,-355.01,1460.01,244120.99,-0.01,2.44,0.78
2014-03-19,238525.5,-355.01,1460.01,238170.49,-0.02,2.38,0.84
2014-03-20,234387.0,-355.01,1460.01,234031.99,-0.02,2.34,0.88
2014-03-21,235422.0,-355.01,1460.01,235066.99,0.0,2.35,0.87
2014-03-24,232627.5,-355.01,1460.01,232272.49,-0.01,2.32,0.9
2014-03-25,234387.0,-355.01,1460.01,234031.99,0.01,2.34,0.88
2014-03-26,240388.5,-355.01,1460.01,240033.49,0.03,2.4,0.82
2014-03-27,240336.0,-355.01,1460.01,239980.99,-0.0,2.4,0.82
2014-03-28,231334.5,-355.01,1460.01,230979.49,-0.04,2.31,0.91
2014-03-31,232834.5,-355.01,1460.01,232479.49,0.01,2.32,0.9
2014-04-01,233869.5,-355.01,1460.01,233514.49,0.0,2.34,0.89
2014-04-02,233352.0,-355.01,1460.01,232996.99,-0.0,2.33,0.89
2014-04-03,234076.5,-355.01,1460.01,233721.49,0.0,2.34,0.89
2014-04-04,240802.5,-355.01,1460.01,240447.49,0.03,2.4,0.82
2014-04-08,243183.0,-355.01,1460.01,242827.99,0.01,2.43,0.79
2014-04-09,242251.5,-355.01,1460.01,241896.49,-0.0,2.42,0.8
2014-04-10,244320.0,-355.01,1460.01,243964.99,0.01,2.44,0.78
2014-04-11,247477.5,-355.01,1460.01,247122.49,0.01,2.47,0.75
2014-04-14,246546.0,-355.01,1460.01,246190.99,-0.0,2.46,0.76
2014-04-15,243183.0,-355.01,1460.01,242827.99,-0.01,2.43,0.79
2014-04-16,238947.0,-355.01,1460.01,238591.99,-0.02,2.39,0.84
2014-04-17,242215.5,-355.01,1460.01,241860.49,0.01,2.42,0.8
2014-04-18,237888.0,-355.01,1460.01,237532.99,-0.02,2.38,0.85
2014-04-21,227110.5,-355.01,1460.01,226755.49,-0.05,2.27,0.96
2014-04-22,226227.0,-355.01,1460.01,225871.99,-0.0,2.26,0.96
2014-04-23,220839.0,-355.01,1460.01,220483.99,-0.02,2.2,1.02
2014-04-24,217836.0,-355.01,1460.01,217480.99,-0.01,2.17,1.05
2014-04-25,216510.0,-355.01,1460.01,216154.99,-0.01,2.16,1.06
2014-04-28,219690.0,-355.01,1460.01,219334.99,0.01,2.19,1.03
2014-04-29,222870.0,-355.01,1460.01,222514.99,0.01,2.23,1.0
2014-04-30,220750.5,-355.01,1460.01,220395.49,-0.01,2.2,1.02
2014-05-05,220839.0,-355.01,1460.01,220483.99,0.0,2.2,1.02
2014-05-06,225786.0,-355.01,1460.01,225430.99,0.02,2.25,0.97
2014-05-07,221368.5,-355.01,1460.01,221013.49,-0.02,2.21,1.01
2014-05-08,218542.5,-355.01,1460.01,218187.49,-0.01,2.18,1.04
2014-05-09,215185.5,-355.01,1460.01,214830.49,-0.02,2.15,1.07
2014-05-12,217836.0,-355.01,1460.01,217480.99,0.01,2.17,1.05
2014-05-13,214831.5,-355.01,1460.01,214476.49,-0.01,2.14,1.08
2014-05-14,215626.5,-355.01,1460.01,215271.49,0.0,2.15,1.07
2014-05-15,204673.5,-355.01,1460.01,204318.49,-0.05,2.04,1.18
2014-05-16,197871.0,-355.01,1460.01,197515.99,-0.03,1.98,1.25
2014-05-19,197607.0,-355.01,1460.01,197251.99,-0.0,1.97,1.25
2014-05-20,194602.5,-355.01,1460.01,194247.49,-0.02,1.94,1.28
2014-05-21,0.0,193416.79,2290.71,193416.79,-0.0,1.93,1.29
2014-05-22,0.0,193416.79,2290.71,193416.79,0.0,1.93,1.29
2014-05-23,0.0,193416.79,2290.71,193416.79,0.0,1.93,1.29
2014-05-26,0.0,193416.79,2290.71,193416.79,0.0,1.93,1.29
2014-05-27,0.0,193416.79,2290.71,193416.79,0.0,1.93,1.29
2014-05-28,0.0,193416.79,2290.71,193416.79,0.0,1.93,1.29
2014-05-29,0.0,193416.79,2290.71,193416.79,0.0,1.93,1.29
2014-05-30,0.0,193416.79,2290.71,193416.79,0.0,1.93,1.29
2014-06-03,0.0,193416.79,2290.71,193416.79,0.0,1.93,1.29
2014-06-04,0.0,193416.79,2290.71,193416.79,0.0,1.93,1.29
2014-06-05,0.0,193416.79,2290.71,193416.79,0.0,1.93,1.29
2014-06-06,0.0,193416.79,2290.71,193416.79,0.0,1.93,1.29
2014-06-09,0.0,193416.79,2290.71,193416.79,0.0,1.93,1.29
2014-06-10,0.0,193416.79,2290.71,193416.79,0.0,1.93,1.29
2014-06-11,0.0,193416.79,2290.71,193416.79,0.0,1.93,1.29
2014-06-12,0.0,193416.79,2290.71,193416.79,0.0,1.93,1.29
2014-06-13,0.0,193416.79,2290.71,193416.79,0.0,1.93,1.29
2014-06-16,0.0,193416.79,2290.71,193416.79,0.0,1.93,1.29
2014-06-17,0.0,193416.79,2290.71,193416.79,0.0,1.93,1.29
2014-06-18,0.0,193416.79,2290.71,193416.79,0.0,1.93,1.29
2014-06-19,0.0,193416.79,2290.71,193416.79,0.0,1.93,1.29
2014-06-20,0.0,193416.79,2290.71,193416.79,0.0,1.93,1.29
2014-06-23,0.0,193416.79,2290.71,193416.79,0.0,1.93,1.29
2014-06-24,0.0,193416.79,2290.71,193416.79,0.0,1.93,1.29
2014-06-25,0.0,193416.79,2290.71,193416.79,0.0,1.93,1.29
2014-06-26,0.0,193416.79,2290.71,193416.79,0.0,1.93,1.29
2014-06-27,0.0,193416.79,2290.71,193416.79,0.0,1.93,1.29
2014-06-30,0.0,193416.79,2290.71,193416.79,0.0,1.93,1.29
2014-07-01,0.0,193416.79,2290.71,193416.79,0.0,1.93,1.29
2014-07-02,0.0,193416.79,2290.71,193416.79,0.0,1.93,1.29
2014-07-03,0.0,193416.79,2290.71,193416.79,0.0,1.93,1.29
2014-07-04,0.0,193416.79,2290.71,193416.79,0.0,1.93,1.29
2014-07-07,0.0,193416.79,2290.71,193416.79,0.0,1.93,1.29
2014-07-08,0.0,193416.79,2290.71,193416.79,0.0,1.93,1.29
2014-07-09,0.0,193416.79,2290.71,193416.79,0.0,1.93,1.29
2014-07-10,184586.4,8298.06,2893.84,192884.46,-0.0,1.93,1.29
2014-07-11,183738.0,8298.06,2893.84,192036.06,-0.0,1.92,1.3
2014-07-14,182748.0,8298.06,2893.84,191046.06,-0.01,1.91,1.31
2014-07-15,180910.8,8298.06,2893.84,189208.86,-0.01,1.89,1.33
2014-07-16,180910.8,8298.06,2893.84,189208.86,0.0,1.89,1.33
2014-07-17,178225.2,8298.06,2893.84,186523.26,-0.01,1.87,1.36
2014-07-18,177378.0,8298.06,2893.84,185676.06,-0.0,1.86,1.37
2014-07-21,177730.8,8298.06,2893.84,186028.86,0.0,1.86,1.36
2014-07-22,179638.8,8298.06,2893.84,187936.86,0.01,1.88,1.34
2014-07-23,169392.0,8298.06,2893.84,177690.06,-0.05,1.78,1.45
2014-07-24,163738.8,8298.06,2893.84,172036.86,-0.03,1.72,1.5
2014-07-25,166212.0,8298.06,2893.84,174510.06,0.01,1.75,1.48
2014-07-28,171724.8,8298.06,2893.84,180022.86,0.03,1.8,1.42
2014-07-29,0.0,179289.82,3626.88,179289.82,-0.0,1.79,1.43
2014-07-30,0.0,179289.82,3626.88,179289.82,0.0,1.79,1.43
2014-07-31,0.0,179289.82,3626.88,179289.82,0.0,1.79,1.43
2014-08-01,0.0,179289.82,3626.88,179289.82,0.0,1.79,1.43
2014-08-04,0.0,179289.82,3626.88,179289.82,0.0,1.79,1.43
2014-08-05,0.0,179289.82,3626.88,179289.82,0.0,1.79,1.43
2014-08-06,0.0,179289.82,3626.88,179289.82,0.0,1.79,1.43
2014-08-07,0.0,179289.82,3626.88,179289.82,0.0,1.79,1.43
2014-08-08,0.0,179289.82,3626.88,179289.82,0.0,1.79,1.43
2014-08-11,0.0,179289.82,3626.88,179289.82,0.0,1.79,1.43
2014-08-12,0.0,179289.82,3626.88,179289.82,0.0,1.79,1.43
2014-08-13,0.0,179289.82,3626.88,179289.82,0.0,1.79,1.43
2014-08-14,0.0,179289.82,3626.88,179289.82,0.0,1.79,1.43
2014-08-15,0.0,179289.82,3626.88,179289.82,0.0,1.79,1.43
2014-08-18,0.0,179289.82,3626.88,179289.82,0.0,1.79,1.43
2014-08-19,0.0,179289.82,3626.88,179289.82,0.0,1.79,1.43
2014-08-20,0.0,179289.82,3626.88,179289.82,0.0,1.79,1.43
2014-08-21,0.0,179289.82,3626.88,179289.82,0.0,1.79,1.43
2014-08-22,0.0,179289.82,3626.88,179289.82,0.0,1.79,1.43
2014-08-25,0.0,179289.82,3626.88,179289.82,0.0,1.79,1.43
2014-08-26,0.0,179289.82,3626.88,179289.82,0.0,1.79,1.43
2014-08-27,0.0,179289.82,3626.88,179289.82,0.0,1.79,1.43
2014-08-28,0.0,179289.82,3626.88,179289.82,0.0,1.79,1.43
2014-08-29,0.0,179289.82,3626.88,179289.82,0.0,1.79,1.43
2014-09-01,0.0,179289.82,3626.88,179289.82,0.0,1.79,1.43
2014-09-02,0.0,179289.82,3626.88,179289.82,0.0,1.79,1.43
2014-09-03,0.0,179289.82,3626.88,179289.82,0.0,1.79,1.43
2014-09-04,0.0,179289.82,3626.88,179289.82,0.0,1.79,1.43
2014-09-05,0.0,179289.82,3626.88,179289.82,0.0,1.79,1.43
2014-09-09,0.0,179289.82,3626.88,179289.82,0.0,1.79,1.43
2014-09-10,0.0,179289.82,3626.88,179289.82,0.0,1.79,1.43
2014-09-11,0.0,179289.82,3626.88,179289.82,0.0,1.79,1.43
2014-09-12,166130.0,12794.37,4169.33,178924.37,-0.0,1.79,1.43
2014-09-15,167484.0,12794.37,4169.33,180278.37,0.01,1.8,1.42
2014-09-16,158474.0,12794.37,4169.33,171268.37,-0.05,1.71,1.51
2014-09-17,158709.0,12794.37,4169.33,171503.37,0.0,1.72,1.51
2014-09-18,157944.0,12794.37,4169.33,170738.37,-0.0,1.71,1.52
2014-09-19,161006.0,12794.37,4169.33,173800.37,0.02,1.74,1.49
2014-09-22,157532.0,12794.37,4169.33,170326.37,-0.02,1.7,1.52
2014-09-23,166660.0,12794.37,4169.33,179454.37,0.05,1.79,1.43
2014-09-24,171135.0,12794.37,4169.33,183929.37,0.02,1.84,1.38
2014-09-25,170664.0,12794.37,4169.33,183458.37,-0.0,1.83,1.39
2014-09-26,184032.0,12794.37,4169.33,196826.37,0.07,1.97,1.25
2014-09-29,185563.0,12794.37,4169.33,198357.37,0.01,1.98,1.24
2014-09-30,184327.0,12794.37,4169.33,197121.37,-0.01,1.97,1.25
2014-10-08,181677.0,12794.37,4169.33,194471.37,-0.01,1.94,1.28
2014-10-09,179674.0,12794.37,4169.33,192468.37,-0.01,1.92,1.3
2014-10-10,180499.0,12794.37,4169.33,193293.37,0.0,1.93,1.29
2014-10-13,176082.0,12794.37,4169.33,188876.37,-0.02,1.89,1.33
2014-10-14,175081.0,12794.37,4169.33,187875.37,-0.01,1.88,1.34
2014-10-15,175081.0,12794.37,4169.33,187875.37,0.0,1.88,1.34
2014-10-16,175375.0,12794.37,4169.33,188169.37,0.0,1.88,1.34
2014-10-17,172666.0,12794.37,4169.33,185460.37,-0.01,1.85,1.37
2014-10-20,182030.0,12794.37,4169.33,194824.37,0.05,1.95,1.27
2014-10-21,181794.0,12794.37,4169.33,194588.37,-0.0,1.95,1.28
2014-10-22,183620.0,12794.37,4169.33,196414.37,0.01,1.96,1.26
2014-10-23,178438.0,12794.37,4169.33,191232.37,-0.03,1.91,1.31
2014-10-24,173079.0,12794.37,4169.33,185873.37,-0.03,1.86,1.36
2014-10-27,176671.0,12794.37,4169.33,189465.37,0.02,1.89,1.33
2014-10-28,180440.0,12794.37,4169.33,193234.37,0.02,1.93,1.29
2014-10-29,181147.0,12794.37,4169.33,193941.37,0.0,1.94,1.28
2014-10-30,180028.0,12794.37,4169.33,192822.37,-0.01,1.93,1.29
2014-10-31,175022.0,12794.37,4169.33,187816.37,-0.03,1.88,1.34
2014-11-03,175199.0,12794.37,4169.33,187993.37,0.0,1.88,1.34
2014-11-04,171194.0,12794.37,4169.33,183988.37,-0.02,1.84,1.38
2014-11-05,169545.0,12794.37,4169.33,182339.37,-0.01,1.82,1.4
2014-11-06,174374.0,12794.37,4169.33,187168.37,0.03,1.87,1.35
2014-11-11,178202.0,12794.37,4169.33,190996.37,0.02,1.91,1.31
2014-11-12,176259.0,12794.37,4169.33,189053.37,-0.01,1.89,1.33
2014-11-13,167661.0,12794.37,4169.33,180455.37,-0.05,1.8,1.42
2014-11-14,166306.0,12794.37,4169.33,179100.37,-0.01,1.79,1.43
2014-11-17,170134.0,12794.37,4169.33,182928.37,0.02,1.83,1.39
2014-11-18,167837.0,12794.37,4169.33,180631.37,-0.01,1.81,1.42
2014-11-19,172961.0,12794.37,4169.33,185755.37,0.03,1.86,1.37
2014-11-20,171489.0,12794.37,4169.33,184283.37,-0.01,1.84,1.38
2014-11-21,172666.0,12794.37,4169.33,185460.37,0.01,1.85,1.37
2014-11-24,171842.0,12794.37,4169.33,184636.37,-0.0,1.85,1.38
2014-11-25,174374.0,12794.37,4169.33,187168.37,0.01,1.87,1.35
2014-11-26,178084.0,12794.37,4169.33,190878.37,0.02,1.91,1.31
2014-11-27,174845.0,12794.37,4169.33,187639.37,-0.02,1.88,1.35
2014-11-28,181088.0,12794.37,4169.33,193882.37,0.03,1.94,1.28
2014-12-01,179616.0,12794.37,4169.33,192410.37,-0.01,1.92,1.3
2014-12-02,179792.0,12794.37,4169.33,192586.37,0.0,1.93,1.3
2014-12-03,177849.0,12794.37,4169.33,190643.37,-0.01,1.91,1.32
2014-12-04,179086.0,12794.37,4169.33,191880.37,0.01,1.92,1.3
2014-12-05,172019.0,12794.37,4169.33,184813.37,-0.04,1.85,1.37
2014-12-08,167955.0,12794.37,4169.33,180749.37,-0.02,1.81,1.42
2014-12-09,167543.0,12794.37,4169.33,180337.37,-0.0,1.8,1.42
2014-12-10,172372.0,12794.37,4169.33,185166.37,0.03,1.85,1.37
2014-12-11,171960.0,12794.37,4169.33,184754.37,-0.0,1.85,1.38
2014-12-12,176907.0,12794.37,4169.33,189701.37,0.03,1.9,1.33
2014-12-15,188449.0,12794.37,4169.33,201243.37,0.06,2.01,1.21
2014-12-16,185976.0,12794.37,4169.33,198770.37,-0.01,1.99,1.24
2014-12-17,179380.0,12794.37,4169.33,192174.37,-0.03,1.92,1.3
2014-12-18,178850.0,12794.37,4169.33,191644.37,-0.0,1.92,1.31
2014-12-19,172195.0,12794.37,4169.33,184989.37,-0.03,1.85,1.37
2014-12-22,166424.0,12794.37,4169.33,179218.37,-0.03,1.79,1.43
2014-12-23,167484.0,12794.37,4169.33,180278.37,0.01,1.8,1.42
2014-12-24,171960.0,12794.37,4169.33,184754.37,0.02,1.85,1.38
2014-12-25,170488.0,12794.37,4169.33,183282.37,-0.01,1.83,1.39
2014-12-26,168839.0,12794.37,4169.33,181633.37,-0.01,1.82,1.41
2014-12-29,162066.0,12794.37,4169.33,174860.37,-0.04,1.75,1.47
2014-12-30,154705.0,12794.37,4169.33,167499.37,-0.04,1.67,1.55
2014-12-31,156943.0,12794.37,4169.33,169737.37,0.01,1.7,1.53
2015-01-05,161360.0,12794.37,4169.33,174154.37,0.03,1.74,1.48
2015-01-06,163244.0,12794.37,4169.33,176038.37,0.01,1.76,1.46
2015-01-07,160182.0,12794.37,4169.33,172976.37,-0.02,1.73,1.49
2015-01-08,160182.0,12794.37,4169.33,172976.37,0.0,1.73,1.49
2015-01-09,159593.0,12794.37,4169.33,172387.37,-0.0,1.72,1.5
2015-01-12,164363.0,12794.37,4169.33,177157.37,0.03,1.77,1.45
2015-01-13,169015.0,12794.37,4169.33,181809.37,0.03,1.82,1.4
2015-01-14,164657.0,12794.37,4169.33,177451.37,-0.02,1.77,1.45
2015-01-15,164775.0,12794.37,4169.33,177569.37,0.0,1.78,1.45
2015-01-16,169781.0,12794.37,4169.33,182575.37,0.03,1.83,1.4
2015-01-19,176200.0,12794.37,4169.33,188994.37,0.04,1.89,1.33
2015-01-20,187153.0,12794.37,4169.33,199947.37,0.06,2.0,1.22
2015-01-21,187389.0,12794.37,4169.33,200183.37,0.0,2.0,1.22
2015-01-22,206116.0,12794.37,4169.33,218910.37,0.09,2.19,1.03
2015-01-23,200698.0,12794.37,4169.33,213492.37,-0.02,2.13,1.09
2015-01-26,203289.0,12794.37,4169.33,216083.37,0.01,2.16,1.06
2015-01-27,211416.0,12794.37,4169.33,224210.37,0.04,2.24,0.98
2015-01-28,199874.0,12794.37,4169.33,212668.37,-0.05,2.13,1.1
2015-01-29,198755.0,12794.37,4169.33,211549.37,-0.01,2.12,1.11
2015-01-30,188449.0,12794.37,4169.33,201243.37,-0.05,2.01,1.21
2015-02-02,189509.0,12794.37,4169.33,202303.37,0.01,2.02,1.2
2015-02-03,197283.0,12794.37,4169.33,210077.37,0.04,2.1,1.12
2015-02-04,198166.0,12794.37,4169.33,210960.37,0.0,2.11,1.11
2015-02-05,203878.0,12794.37,4169.33,216672.37,0.03,2.17,1.06
2015-02-06,192925.0,12794.37,4169.33,205719.37,-0.05,2.06,1.17
2015-02-09,188567.0,12794.37,4169.33,201361.37,-0.02,2.01,1.21
2015-02-10,200875.0,12794.37,4169.33,213669.37,0.06,2.14,1.09
2015-02-11,201758.0,12794.37,4169.33,214552.37,0.0,2.15,1.08
2015-02-12,211946.0,12794.37,4169.33,224740.37,0.05,2.25,0.98
2015-02-13,222723.0,12794.37,4169.33,235517.37,0.05,2.36,0.87
2015-02-16,244984.0,12794.37,4169.33,257778.37,0.09,2.58,0.65
2015-02-17,242039.0,12794.37,4169.33,254833.37,-0.01,2.55,0.67
2015-02-25,229672.0,12794.37,4169.33,242466.37,-0.05,2.42,0.8
2015-02-26,238741.0,12794.37,4169.33,251535.37,0.04,2.52,0.71
2015-02-27,234972.0,12794.37,4169.33,247766.37,-0.01,2.48,0.75
2015-03-02,235974.0,12794.37,4169.33,248768.37,0.0,2.49,0.74
2015-03-03,237681.0,12794.37,4169.33,250475.37,0.01,2.5,0.72
2015-03-04,255702.0,12794.37,4169.33,268496.37,0.07,2.68,0.54
2015-03-05,252993.0,12794.37,4169.33,265787.37,-0.01,2.66,0.57
2015-03-06,237976.0,12794.37,4169.33,250770.37,-0.06,2.51,0.72
2015-03-09,245455.0,12794.37,4169.33,258249.37,0.03,2.58,0.64
2015-03-10,247869.0,12794.37,4169.33,260663.37,0.01,2.61,0.62
2015-03-11,243099.0,12794.37,4169.33,255893.37,-0.02,2.56,0.66
2015-03-12,240861.0,12794.37,4169.33,253655.37,-0.01,2.54,0.69
2015-03-13,253228.0,12794.37,4169.33,266022.37,0.05,2.66,0.56
2015-03-16,273546.0,12794.37,4169.33,286340.37,0.08,2.86,0.36
2015-03-17,267421.0,12794.37,4169.33,280215.37,-0.02,2.8,0.42
2015-03-18,271484.0,12794.37,4169.33,284278.37,0.01,2.84,0.38
2015-03-19,281260.0,12794.37,4169.33,294054.37,0.03,2.94,0.28
2015-03-20,274135.0,12794.37,4169.33,286929.37,-0.02,2.87,0.35
2015-03-23,282674.0,12794.37,4169.33,295468.37,0.03,2.95,0.27
2015-03-24,300341.0,12794.37,4169.33,313135.37,0.06,3.13,0.09
2015-03-25,302579.0,12794.37,4169.33,315373.37,0.01,3.15,0.07
2015-03-26,287267.0,12794.37,4169.33,300061.37,-0.05,3.0,0.22
2015-03-27,296690.0,12794.37,4169.33,309484.37,0.03,3.09,0.13
2015-03-30,297102.0,12794.37,4169.33,309896.37,0.0,3.1,0.12
2015-03-31,306230.0,12794.37,4169.33,319024.37,0.03,3.19,0.03
2015-04-01,329197.0,12794.37,4169.33,341991.37,0.07,3.42,0.0
2015-04-02,332554.0,12794.37,4169.33,345348.37,0.01,3.45,0.0
2015-04-03,329786.0,12794.37,4169.33,342580.37,-0.01,3.43,0.03
2015-04-07,357464.0,12794.37,4169.33,370258.37,0.08,3.7,0.0
2015-04-08,348042.0,12794.37,4169.33,360836.37,-0.03,3.61,0.09
2015-04-09,344685.0,12794.37,4169.33,357479.37,-0.01,3.57,0.13
2015-04-10,369007.0,12794.37,4169.33,381801.37,0.07,3.82,0.0
2015-04-13,400749.0,12794.37,4169.33,413543.37,0.08,4.14,0.0
2015-04-28,440883.0,12794.37,4169.33,453677.37,0.1,4.54,0.0
2015-04-29,424327.0,12794.37,4169.33,437121.37,-0.04,4.37,0.17
2015-04-30,432915.0,12794.37,4169.33,445709.37,0.02,4.46,0.08
2015-04-30,432915.0,12794.37,4169.33,445709.37,0.0,4.46,0.08
